time,generation_cross_border_electricity_trading_mw,generation_nuclear_mw,generation_hydro_run_of_river_mw,generation_biomass_mw,generation_fossil_brown_coal_lignite_mw,generation_fossil_oil_mw,generation_fossil_gas_mw,generation_geothermal_mw,generation_hydro_water_reservoir_mw,generation_others_mw,generation_other_renewables_mw,generation_waste_mw,wind_onshore_generation_mw,solar_generation_mw,load_mw,residual_load_mw,renewable_share_of_load_pct,renewable_share_of_generation_pct,day_ahead_price_eur_mwh,flow_austria_gw,flow_croatia_gw,flow_romania_gw,flow_serbia_gw,flow_slovakia_gw,flow_slovenia_gw,flow_ukraine_gw,flow_sum_gw,net_import_mw
2026-07-29 22:00:00+00:00,2652.6,1123.7,5.3,82.1,166.2,0.0,535.6,0.2,4.6,22.3,15.9,6.0,85.2,2.3,4827.5,4740.0,4.1,9.7,162.16,0.45,-0.59,0.057,0.058,2.594,-0.423,0.659,2.806,5611.0
2026-07-29 22:15:00+00:00,2594.6,1123.7,5.2,81.3,149.1,0.0,540.9,0.2,4.6,21.2,16.3,6.2,80.8,4.3,4710.7,4625.6,4.2,9.6,152.0,0.378,-0.582,0.091,0.058,2.499,-0.473,0.659,2.631,5260.999999999999
2026-07-29 22:30:00+00:00,2544.6,1123.4,5.2,81.1,136.3,0.0,539.2,0.2,4.6,21.2,16.3,5.7,86.0,4.8,4625.7,4534.8,4.3,9.9,142.66,0.357,-0.554,0.088,0.058,2.43,-0.485,0.659,2.553,5106.0
2026-07-29 22:45:00+00:00,2448.5,1123.3,5.2,80.4,133.2,0.0,530.7,0.2,4.6,21.5,15.4,5.9,93.3,1.7,4536.5,4441.5,4.5,10.1,142.2,0.325,-0.528,0.077,0.058,2.358,-0.498,0.659,2.451,4902.0
2026-07-29 23:00:00+00:00,2346.8,1123.9,5.2,81.5,134.2,0.0,548.2,0.2,4.6,24.0,14.0,5.5,94.4,5.5,4453.7,4353.7,4.7,10.2,144.05,0.303,-0.57,0.064,0.088,2.379,-0.53,0.654,2.387,4775.0
2026-07-29 23:15:00+00:00,2237.7,1122.9,5.2,82.0,135.2,0.0,537.1,0.2,4.6,21.3,16.3,6.1,84.7,3.2,4357.6,4269.7,4.6,9.9,141.88,0.237,-0.531,0.06,0.088,2.314,-0.538,0.654,2.284,4568.0
2026-07-29 23:30:00+00:00,2304.4,1123.4,5.2,82.1,135.6,0.0,525.8,0.2,4.6,21.2,14.4,5.4,81.2,4.1,4317.8,4232.5,4.5,9.7,145.61,0.224,-0.572,0.052,0.088,2.389,-0.537,0.654,2.298,4596.0
2026-07-29 23:45:00+00:00,2236.6,1123.5,5.2,77.8,137.5,0.0,524.8,0.2,4.6,21.2,12.5,5.7,78.0,3.4,4273.0,4191.6,4.3,9.3,138.0,0.2,-0.563,0.047,0.088,2.364,-0.534,0.654,2.257,4513.0
2026-07-30 00:00:00+00:00,2194.4,1124.1,5.2,76.6,137.1,0.0,527.9,0.2,4.6,20.6,12.8,5.9,76.7,2.5,4211.0,4131.8,4.3,9.1,143.0,0.161,-0.591,0.053,0.043,2.4,-0.544,0.61,2.133,4265.0
2026-07-30 00:15:00+00:00,2215.5,1124.4,5.2,77.3,135.6,0.0,523.7,0.2,4.6,20.5,12.4,6.1,69.1,1.2,4195.1,4124.7,4.1,8.7,142.63,0.189,-0.603,0.039,0.043,2.421,-0.526,0.61,2.174,4346.999999999999
2026-07-30 00:30:00+00:00,2174.5,1124.5,5.1,77.9,135.2,0.0,515.8,0.2,4.6,21.0,13.6,5.8,70.1,0.3,4181.4,4111.1,4.2,8.8,137.99,0.21,-0.598,0.02,0.043,2.422,-0.507,0.61,2.2,4400.0
2026-07-30 00:45:00+00:00,2130.1,1124.7,5.1,80.2,125.6,0.0,519.7,0.2,4.6,20.1,15.4,5.5,67.5,1.0,4116.8,4048.3,4.3,9.0,136.37,0.218,-0.608,-0.01,0.043,2.426,-0.498,0.61,2.181,4362.0
2026-07-30 01:00:00+00:00,2107.2,1124.4,5.1,82.4,124.7,0.0,519.4,0.2,4.6,21.4,15.9,5.2,58.6,0.3,4116.8,4057.9,4.1,8.6,135.94,0.241,-0.651,-0.053,0.018,2.545,-0.486,0.47,2.084,4168.0
2026-07-30 01:15:00+00:00,2113.8,1124.2,5.1,82.4,134.7,0.0,516.2,0.2,4.6,21.0,12.7,5.6,49.6,0.0,4091.4,4041.7,3.8,8.0,135.68,0.209,-0.617,-0.055,0.018,2.504,-0.478,0.47,2.051,4102.0
2026-07-30 01:30:00+00:00,2068.4,1124.6,5.1,82.7,135.3,0.0,520.4,0.2,4.6,21.1,13.2,5.9,46.4,0.3,4083.0,4036.3,3.8,7.9,136.56,0.211,-0.615,-0.042,0.018,2.544,-0.484,0.47,2.102,4204.000000000001
2026-07-30 01:45:00+00:00,2117.0,1124.4,5.1,82.9,135.4,0.0,524.7,0.2,4.6,21.4,14.6,5.2,44.8,0.2,4090.4,4045.3,3.8,7.9,138.97,0.259,-0.635,-0.072,0.018,2.636,-0.478,0.47,2.198,4396.0
2026-07-30 02:00:00+00:00,2141.8,1124.4,5.1,82.7,138.1,0.0,521.0,0.2,4.6,20.3,15.8,5.6,43.8,0.3,4134.2,4090.1,3.8,7.9,132.03,0.262,-0.638,-0.063,0.003,2.536,-0.487,0.503,2.116,4232.0
2026-07-30 02:15:00+00:00,2176.8,1124.4,5.1,82.8,138.7,0.0,520.5,0.2,4.6,19.9,16.0,6.7,47.8,0.1,4159.4,4111.5,3.8,8.1,132.77,0.305,-0.664,-0.06,0.003,2.57,-0.47,0.503,2.187,4374.0
2026-07-30 02:30:00+00:00,2222.0,1124.4,5.1,83.0,137.6,0.0,520.1,0.2,4.6,20.5,14.1,5.3,55.0,0.3,4217.2,4161.9,3.9,8.4,133.55,0.271,-0.643,-0.056,0.003,2.608,-0.463,0.503,2.223,4446.0
2026-07-30 02:45:00+00:00,2266.5,1124.6,5.1,83.0,136.8,0.0,518.6,0.2,4.6,20.4,14.0,5.0,63.6,0.2,4251.2,4187.4,4.1,8.8,136.03,0.277,-0.649,-0.058,0.003,2.649,-0.441,0.503,2.284,4568.0
2026-07-30 03:00:00+00:00,2260.6,1124.8,5.1,82.6,137.0,0.0,525.8,0.2,4.6,21.1,14.3,5.1,68.5,2.0,4278.2,4207.7,4.2,9.0,139.49,0.26,-0.574,-0.073,0.031,2.567,-0.407,0.453,2.258,4515.000000000001
2026-07-30 03:15:00+00:00,2285.5,1124.5,5.1,84.1,138.4,0.0,526.5,0.2,4.6,20.3,14.3,5.3,66.9,20.1,4308.9,4221.9,4.6,9.8,143.41,0.231,-0.548,-0.082,0.031,2.57,-0.407,0.453,2.248,4496.0
2026-07-30 03:30:00+00:00,2280.0,1124.6,5.1,88.8,137.7,0.0,526.3,0.2,4.6,21.3,14.6,5.3,65.6,63.2,4329.3,4200.6,5.7,11.9,147.63,0.188,-0.55,-0.069,0.031,2.596,-0.408,0.453,2.241,4482.0
2026-07-30 03:45:00+00:00,2197.4,1123.9,5.2,92.0,136.5,0.0,522.2,0.2,4.6,25.1,15.3,5.6,67.8,134.2,4348.2,4146.3,7.4,15.1,148.48,0.203,-0.586,-0.065,0.031,2.606,-0.399,0.453,2.243,4486.0
2026-07-30 04:00:00+00:00,2342.4,1124.4,6.8,95.6,133.3,0.0,503.3,0.2,4.6,28.3,14.4,6.2,70.0,228.5,4489.4,4190.9,9.4,19.1,153.72,0.128,-0.526,0.055,0.049,2.474,-0.421,0.593,2.35,4702.0
2026-07-30 04:15:00+00:00,2293.5,1124.1,6.9,96.8,136.9,0.0,482.1,0.2,4.6,32.6,14.1,5.7,69.2,360.4,4572.2,4142.7,12.1,23.8,163.55,0.055,-0.506,0.101,0.049,2.417,-0.455,0.593,2.253,4507.0
2026-07-30 04:30:00+00:00,2126.8,1123.7,6.9,96.8,135.9,0.0,480.5,0.2,4.6,31.5,14.2,5.7,70.2,530.3,4595.9,3995.3,15.8,29.0,154.48,-0.085,-0.477,0.128,0.049,2.352,-0.479,0.593,2.081,4162.0
2026-07-30 04:45:00+00:00,1868.3,1123.6,6.9,96.8,132.2,0.0,488.6,0.2,4.5,54.8,14.0,4.8,69.2,762.1,4585.4,3754.1,20.9,34.7,149.79,-0.186,-0.491,0.159,0.049,2.214,-0.518,0.593,1.819,3639.0
2026-07-30 05:00:00+00:00,1675.6,1102.1,6.9,97.2,136.0,0.0,471.9,0.2,4.5,56.7,14.1,4.7,60.1,1025.0,4546.8,3461.7,26.6,40.6,168.66,-0.098,-0.493,0.15,0.04,2.048,-0.547,0.541,1.641,3282.0
2026-07-30 05:15:00+00:00,1452.6,1058.9,6.9,97.2,135.2,0.0,473.7,0.2,4.5,67.3,13.5,5.1,53.0,1326.5,4609.6,3230.0,32.6,46.4,154.01,-0.097,-0.541,0.197,0.04,1.951,-0.62,0.541,1.471,2942.0
2026-07-30 05:30:00+00:00,1184.5,1015.7,6.9,97.4,127.7,0.0,459.6,0.2,4.6,68.5,13.9,4.4,43.6,1632.5,4553.6,2877.5,39.6,51.8,143.11,-0.228,-0.415,0.301,0.04,1.527,-0.649,0.541,1.117,2234.0
2026-07-30 05:45:00+00:00,874.2,978.7,6.9,97.2,129.2,0.0,456.0,0.2,4.6,78.6,14.1,3.4,32.7,1940.7,4503.3,2529.9,46.6,56.1,128.99,-0.331,-0.351,0.429,0.04,1.22,-0.678,0.541,0.869,1739.0
2026-07-30 06:00:00+00:00,709.2,943.5,5.2,97.4,135.0,0.0,461.9,0.2,4.6,78.3,13.6,5.4,27.4,2228.4,4440.6,2184.8,53.6,59.5,164.83,-0.42,-0.386,0.438,0.026,1.055,-0.752,0.652,0.614,1226.9999999999998
2026-07-30 06:15:00+00:00,419.8,904.1,4.2,96.7,137.9,0.0,457.4,0.2,4.6,83.5,14.8,5.7,21.9,2491.9,4450.0,1936.3,59.3,62.4,147.55,-0.492,-0.358,0.487,0.026,0.831,-0.777,0.652,0.369,738.0
2026-07-30 06:30:00+00:00,421.1,892.3,3.8,91.7,128.9,0.0,247.7,0.2,4.6,83.5,14.8,5.7,21.0,2733.8,4423.8,1669.1,64.9,67.9,113.35,-0.521,-0.274,0.554,0.026,0.643,-0.769,0.652,0.311,622.0000000000001
2026-07-30 06:45:00+00:00,264.3,882.6,4.6,83.3,133.1,0.6,94.6,0.2,4.6,86.3,14.4,5.0,24.5,2950.6,4361.5,1386.3,70.7,72.0,104.4,-0.585,-0.201,0.647,0.026,0.38,-0.776,0.652,0.144,287.00000000000006
2026-07-30 07:00:00+00:00,48.5,883.2,5.0,74.4,135.3,0.0,80.7,0.2,4.6,94.8,15.0,5.1,26.4,3132.6,4318.3,1159.4,75.5,73.2,100.26,-0.487,-0.456,0.552,-0.091,0.654,-0.789,0.571,-0.046,-92.00000000000004
2026-07-30 07:15:00+00:00,-198.6,884.1,5.0,69.6,124.9,0.0,73.7,0.2,4.6,92.3,15.1,4.9,29.5,3308.8,4253.0,914.8,80.8,74.5,92.9,-0.508,-0.464,0.556,-0.091,0.514,-0.81,0.571,-0.232,-463.99999999999994
2026-07-30 07:30:00+00:00,-246.8,884.3,5.1,69.9,116.1,0.0,73.8,0.2,4.7,85.5,14.3,5.4,30.0,3481.2,4208.0,696.8,85.7,75.6,104.39,-0.533,-0.394,0.541,-0.091,0.321,-0.788,0.571,-0.373,-746.0
2026-07-30 07:45:00+00:00,-545.4,885.8,5.1,69.9,117.3,0.0,73.7,0.2,4.7,95.5,14.7,4.9,34.4,3636.0,4216.0,545.6,89.4,76.2,70.94,-0.54,-0.385,0.575,-0.091,0.117,-0.801,0.571,-0.553,-1107.0000000000002
2026-07-30 08:00:00+00:00,-661.0,887.5,5.0,69.0,107.6,0.0,71.9,0.2,4.7,96.1,13.8,4.0,40.9,3759.8,4205.8,405.2,92.6,77.0,81.47,-0.434,-0.478,0.507,-0.199,0.228,-0.768,0.378,-0.765,-1531.0
2026-07-30 08:15:00+00:00,-736.5,888.8,5.1,68.8,100.8,0.0,65.7,0.2,4.7,107.2,13.6,4.2,44.8,3872.9,4187.7,270.0,95.8,77.5,72.42,-0.401,-0.55,0.519,-0.199,0.186,-0.769,0.378,-0.836,-1672.0
2026-07-30 08:30:00+00:00,-873.3,888.0,5.1,61.0,108.0,0.0,75.2,0.2,4.7,107.3,14.8,3.8,48.1,3977.7,4210.8,185.0,97.7,77.7,68.06,-0.377,-0.574,0.506,-0.199,0.112,-0.757,0.378,-0.912,-1823.0
2026-07-30 08:45:00+00:00,-1051.3,888.6,5.1,57.9,108.6,0.0,89.3,0.2,4.7,110.6,13.8,3.5,49.5,4055.3,4177.4,72.6,100.3,77.7,54.59,-0.334,-0.649,0.469,-0.199,0.133,-0.736,0.378,-0.938,-1876.0
2026-07-30 09:00:00+00:00,-874.1,886.9,5.1,58.0,102.6,0.0,72.7,0.2,4.7,110.1,12.9,3.7,50.2,4108.6,4272.8,114.0,99.3,78.3,70.21,-0.135,-0.826,0.275,-0.405,0.537,-0.657,0.149,-1.063,-2125.0
2026-07-30 09:15:00+00:00,-983.6,886.0,5.1,57.9,102.8,0.0,72.6,0.2,4.7,110.1,12.8,4.2,54.5,4140.9,4251.7,56.4,100.6,78.5,36.41,-0.076,-0.858,0.254,-0.405,0.512,-0.651,0.149,-1.075,-2150.0
2026-07-30 09:30:00+00:00,-981.9,886.2,5.1,57.9,102.1,0.0,73.0,0.2,4.7,110.3,12.6,3.9,57.5,4185.1,4291.2,48.6,100.8,78.7,21.42,0.019,-0.937,0.196,-0.405,0.637,-0.612,0.149,-0.953,-1905.9999999999998
2026-07-30 09:45:00+00:00,-915.7,885.5,5.1,58.1,101.2,0.0,74.9,0.2,4.7,110.3,12.7,3.8,50.8,4197.5,4352.0,103.6,99.5,78.7,13.0,0.105,-1.022,0.142,-0.405,0.812,-0.587,0.149,-0.808,-1614.0
2026-07-30 10:00:00+00:00,-832.8,885.0,5.1,58.2,99.6,0.0,67.8,0.2,4.7,110.5,12.5,4.5,55.6,4204.6,4365.8,105.6,99.5,78.8,14.19,0.189,-1.139,0.112,-0.549,0.972,-0.581,0.066,-0.931,-1861.0
2026-07-30 10:15:00+00:00,-831.6,886.0,5.1,58.2,101.7,0.0,65.6,0.2,4.7,110.5,12.5,4.7,47.8,4213.9,4401.4,139.7,98.7,78.8,11.03,0.239,-1.18,0.125,-0.549,1.029,-0.577,0.066,-0.846,-1693.0
2026-07-30 10:30:00+00:00,-775.9,884.9,5.2,58.1,100.8,0.0,64.8,0.2,4.7,111.3,12.4,4.7,38.7,4210.4,4474.9,225.8,96.8,78.8,12.05,0.28,-1.227,0.155,-0.549,1.094,-0.614,0.066,-0.796,-1591.0000000000002
2026-07-30 10:45:00+00:00,-700.8,884.2,5.2,57.6,100.8,0.0,61.8,0.2,4.7,110.0,12.3,4.6,33.2,4220.9,4505.6,251.5,96.2,78.9,11.43,0.282,-1.208,0.152,-0.549,1.061,-0.601,0.066,-0.798,-1595.0
2026-07-30 11:00:00+00:00,-615.6,884.1,5.2,57.5,100.3,0.0,68.7,0.2,4.7,110.2,12.5,3.3,40.2,4203.0,4489.9,246.7,96.3,78.8,15.32,0.222,-1.124,0.177,-0.492,0.91,-0.606,0.181,-0.732,-1464.0
2026-07-30 11:15:00+00:00,-618.6,883.8,5.2,57.5,99.5,0.0,64.2,0.2,4.7,109.7,12.6,4.6,34.4,4173.8,4511.6,303.5,95.1,78.7,23.5,0.213,-1.115,0.202,-0.492,0.924,-0.598,0.181,-0.686,-1371.0
2026-07-30 11:30:00+00:00,-564.7,883.9,5.2,57.5,102.4,0.0,65.8,0.2,4.7,110.4,12.4,4.6,32.6,4074.1,4515.2,408.4,92.8,78.2,21.61,0.172,-1.088,0.233,-0.492,0.946,-0.602,0.181,-0.65,-1300.0000000000002
2026-07-30 11:45:00+00:00,-587.1,883.2,5.0,53.8,101.3,0.0,65.8,0.2,4.7,110.5,13.0,4.0,27.7,4026.4,4508.9,454.7,91.7,78.0,23.48,0.148,-1.053,0.231,-0.492,0.949,-0.608,0.181,-0.644,-1287.9999999999998
2026-07-30 12:00:00+00:00,-593.6,883.3,5.1,57.5,103.2,0.0,63.9,0.2,4.7,110.8,13.3,5.2,24.6,3997.5,4444.6,422.5,92.4,77.9,15.17,0.071,-0.996,0.224,-0.42,0.847,-0.606,0.22,-0.66,-1320.0
2026-07-30 12:15:00+00:00,-523.0,883.5,5.2,60.4,102.0,0.0,64.7,0.2,4.7,110.8,13.4,4.6,25.7,4011.3,4502.2,465.2,91.6,78.0,16.99,0.072,-0.982,0.221,-0.42,0.866,-0.586,0.22,-0.609,-1218.0
2026-07-30 12:30:00+00:00,-489.0,883.5,5.2,61.0,104.7,0.0,69.6,0.2,4.7,111.7,13.2,4.9,22.8,3974.7,4515.5,518.0,90.4,77.7,45.3,0.077,-0.974,0.205,-0.42,0.874,-0.576,0.22,-0.594,-1188.0000000000002
2026-07-30 12:45:00+00:00,-442.3,883.1,5.2,68.7,106.2,0.0,70.8,0.2,4.7,110.0,13.6,5.0,26.5,3899.4,4512.5,586.6,89.1,77.4,65.38,0.079,-0.957,0.199,-0.42,0.915,-0.583,0.22,-0.546,-1093.0
2026-07-30 13:00:00+00:00,-220.1,881.6,5.2,76.1,108.1,0.0,78.5,0.2,4.7,110.1,13.5,5.2,20.8,3727.7,4589.4,840.9,83.9,76.5,35.42,0.004,-0.737,0.327,-0.245,0.667,-0.583,0.28,-0.287,-573.9999999999999
2026-07-30 13:15:00+00:00,-151.6,880.7,5.2,81.4,109.5,0.0,80.5,0.2,4.6,105.3,13.4,5.4,19.9,3675.5,4645.8,950.5,81.9,76.3,51.35,0.013,-0.695,0.311,-0.245,0.692,-0.538,0.28,-0.182,-363.99999999999994
2026-07-30 13:30:00+00:00,138.6,880.2,5.2,85.1,109.5,0.0,79.0,0.2,4.6,106.5,13.2,5.2,19.9,3550.2,4770.9,1200.9,77.2,75.8,76.88,0.043,-0.648,0.311,-0.245,0.764,-0.503,0.28,0.003,5.000000000000113
2026-07-30 13:45:00+00:00,322.6,880.1,5.2,88.6,109.0,0.0,86.7,0.2,4.6,103.7,14.1,5.7,18.2,3452.6,4853.1,1382.3,73.9,75.2,87.99,-0.018,-0.603,0.351,-0.245,0.863,-0.5,0.28,0.128,256.0
2026-07-30 14:00:00+00:00,573.1,880.5,5.2,96.2,113.4,0.0,81.2,0.2,4.6,95.8,14.1,5.0,19.9,3251.6,4959.1,1687.7,68.4,74.3,68.41,-0.206,-0.329,0.448,-0.042,0.724,-0.515,0.366,0.446,891.9999999999999
2026-07-30 14:15:00+00:00,827.2,880.8,5.2,97.2,113.2,0.0,86.3,0.2,4.6,92.4,14.0,5.2,15.1,3119.2,5085.6,1951.2,64.1,73.5,106.76,-0.152,-0.295,0.4,-0.042,0.856,-0.477,0.366,0.656,1312.0
2026-07-30 14:30:00+00:00,1143.5,881.0,5.2,96.1,123.3,0.0,88.8,0.2,4.6,93.9,14.4,5.9,16.6,2930.1,5234.7,2288.0,58.6,72.1,118.73,-0.07,-0.368,0.346,-0.042,1.201,-0.462,0.366,0.971,1942.0
2026-07-30 14:45:00+00:00,1399.5,880.1,5.2,96.7,127.8,0.0,91.5,0.2,4.6,86.4,15.4,5.7,15.5,2765.6,5358.1,2577.0,54.2,71.0,149.13,0.101,-0.376,0.255,-0.042,1.396,-0.379,0.366,1.321,2641.9999999999995
2026-07-30 15:00:00+00:00,1683.4,879.0,5.2,97.2,127.0,0.0,161.0,0.2,4.6,84.6,13.6,5.9,13.9,2488.9,5524.1,3021.3,47.5,67.7,124.36,0.244,-0.21,0.264,0.069,1.273,-0.315,0.262,1.589,3176.0
2026-07-30 15:15:00+00:00,2068.1,880.1,5.2,97.6,128.4,0.0,179.0,0.2,4.6,78.2,12.2,5.0,14.5,2224.8,5644.3,3405.1,41.8,65.1,138.0,0.4,-0.206,0.142,0.069,1.61,-0.246,0.262,2.032,4063.0000000000005
2026-07-30 15:30:00+00:00,2518.9,880.0,5.2,97.5,141.3,0.0,222.5,0.2,4.6,81.8,13.8,5.0,15.3,1972.2,5746.7,3759.3,36.7,61.4,143.42,0.509,-0.156,0.068,0.069,1.74,-0.169,0.262,2.324,4647.0
2026-07-30 15:45:00+00:00,2726.1,880.8,5.2,97.4,147.9,0.0,281.5,0.2,4.6,80.5,13.9,5.5,14.9,1626.9,5819.7,4177.9,30.3,55.9,166.06,0.541,-0.041,0.1,0.069,1.742,-0.09,0.262,2.585,5168.0
2026-07-30 16:00:00+00:00,3082.5,881.5,5.6,93.9,157.9,0.0,379.9,0.2,4.6,67.4,14.1,5.4,17.9,1372.7,5911.1,4520.5,25.6,50.4,145.75,0.685,0.091,-0.005,0.202,1.693,0.001,0.211,2.879,5757.0
2026-07-30 16:15:00+00:00,3322.0,880.4,5.6,97.0,180.9,0.0,498.9,0.2,4.6,64.9,14.2,5.4,16.4,1082.8,6011.5,4912.3,20.4,42.9,182.1,0.746,0.165,0.014,0.202,1.674,0.044,0.211,3.057,6113.0
2026-07-30 16:30:00+00:00,3589.6,878.3,5.6,97.7,180.9,0.0,545.7,0.2,4.6,87.5,15.3,5.2,18.6,820.6,6130.4,5291.2,15.7,36.3,205.22,0.898,0.105,-0.02,0.202,1.865,0.114,0.211,3.377,6751.999999999999
2026-07-30 16:45:00+00:00,3815.9,877.9,5.6,98.0,185.3,0.0,574.9,0.2,4.6,56.9,15.2,5.6,19.6,583.6,6164.0,5560.9,11.8,30.1,232.38,0.948,0.093,0.001,0.202,1.999,0.127,0.211,3.581,7162.0
2026-07-30 17:00:00+00:00,3545.3,878.7,5.6,97.5,188.3,0.0,626.0,0.2,4.6,38.0,13.9,6.0,22.2,376.6,6146.2,5747.4,8.5,23.2,252.03,0.891,0.103,0.003,0.194,2.145,0.114,0.333,3.782,7565.0
2026-07-30 17:15:00+00:00,3476.7,879.0,5.6,97.6,190.0,0.0,668.0,0.2,4.6,26.7,14.4,6.0,24.3,244.7,6054.9,5786.0,6.5,18.2,303.0,0.918,0.055,-0.005,0.194,2.183,0.102,0.333,3.778,7558.0
2026-07-30 17:30:00+00:00,3487.8,880.2,5.6,97.9,190.7,0.0,680.4,0.2,4.6,32.9,15.6,5.8,24.9,148.7,5949.1,5775.6,5.0,14.4,326.46,0.874,0.042,0.025,0.194,2.192,0.059,0.333,3.718,7437.0
2026-07-30 17:45:00+00:00,3589.0,881.3,5.6,97.8,190.4,0.0,688.9,0.2,4.6,27.5,15.6,5.8,29.5,76.6,5932.1,5826.1,3.9,11.5,302.91,0.94,0.024,0.035,0.194,2.199,0.047,0.333,3.771,7543.0
2026-07-30 18:00:00+00:00,3795.8,879.6,6.6,98.0,188.8,0.0,728.9,0.2,4.6,37.5,13.4,6.4,35.3,29.1,5890.1,5825.6,3.2,9.4,254.18,0.941,0.001,0.037,0.176,2.201,0.026,0.346,3.728,7455.999999999999
2026-07-30 18:15:00+00:00,3662.1,879.1,6.6,98.1,187.8,0.0,737.4,0.2,4.6,32.5,12.8,5.9,39.6,6.8,5816.6,5770.2,3.0,8.5,243.95,0.96,-0.034,0.027,0.176,2.194,0.018,0.346,3.687,7374.0
2026-07-30 18:30:00+00:00,3650.8,879.1,6.6,98.1,185.2,0.0,728.1,0.2,4.6,52.5,14.0,6.1,47.2,4.2,5756.9,5705.6,3.1,8.8,241.17,0.964,-0.031,0.042,0.176,2.143,0.001,0.346,3.641,7282.0
2026-07-30 18:45:00+00:00,3886.5,881.0,6.6,98.1,186.8,0.0,754.3,0.2,4.6,39.8,14.5,6.7,54.0,15.2,5754.1,5684.9,3.4,9.5,227.37,0.935,-0.03,0.062,0.176,2.127,-0.019,0.346,3.598,7194.999999999999
2026-07-30 19:00:00+00:00,3665.2,882.5,6.6,98.4,189.2,0.0,712.5,0.2,4.6,22.9,15.4,6.5,57.7,4.1,5768.9,5707.1,3.3,9.5,256.3,0.959,-0.142,0.049,0.154,2.38,-0.039,0.461,3.822,7644.0
2026-07-30 19:15:00+00:00,3682.0,883.4,6.6,99.7,191.1,0.0,653.1,0.2,4.6,21.3,15.1,6.2,60.1,12.8,5740.7,5667.9,3.5,10.3,210.54,0.919,-0.162,0.06,0.154,2.425,-0.088,0.461,3.77,7539.0
2026-07-30 19:30:00+00:00,3730.7,883.6,6.6,100.6,188.7,0.0,609.8,0.2,4.6,21.2,14.5,6.4,62.4,1.1,5668.8,5605.3,3.4,10.2,203.25,0.818,-0.124,0.048,0.154,2.456,-0.122,0.461,3.692,7383.0
2026-07-30 19:45:00+00:00,3678.3,885.0,6.6,98.6,186.2,0.0,569.5,0.2,4.6,21.0,14.3,6.1,68.0,1.0,5582.9,5513.9,3.5,10.5,191.01,0.751,-0.144,0.033,0.154,2.504,-0.137,0.461,3.623,7245.0
2026-07-30 20:00:00+00:00,3704.4,885.4,6.6,97.8,181.3,0.0,588.7,0.2,4.6,32.5,15.1,6.4,71.1,12.3,5587.6,5504.2,3.8,11.1,201.3,0.863,-0.235,0.004,0.142,2.549,-0.132,0.553,3.744,7488.0
2026-07-30 20:15:00+00:00,3829.9,884.4,6.6,97.3,180.9,0.0,532.7,0.2,4.6,39.2,14.9,6.2,69.1,0.2,5609.1,5539.7,3.5,10.7,194.09,0.822,-0.279,0.022,0.142,2.668,-0.162,0.553,3.765,7531.000000000001
2026-07-30 20:30:00+00:00,3663.7,883.4,6.6,97.9,180.1,0.0,521.5,0.2,4.6,41.9,14.3,6.3,68.3,12.2,5462.8,5382.4,3.8,11.3,187.25,0.754,-0.243,0.02,0.142,2.529,-0.162,0.553,3.593,7186.0
2026-07-30 20:45:00+00:00,3643.4,883.3,6.6,97.6,181.3,0.0,523.5,0.2,4.6,42.0,13.5,6.0,65.7,13.7,5440.4,5361.0,3.8,11.2,178.55,0.594,-0.226,0.075,0.142,2.523,-0.195,0.553,3.465,6931.0
2026-07-30 21:00:00+00:00,3493.9,883.1,6.6,97.7,182.8,0.0,531.2,0.2,4.6,22.5,16.1,5.8,64.4,2.0,5350.9,5284.5,3.6,10.7,181.29,0.564,-0.34,0.094,0.138,2.69,-0.241,0.669,3.574,7148.0
2026-07-30 21:15:00+00:00,3501.7,883.5,6.6,97.8,183.9,0.0,530.5,0.2,4.6,20.9,16.0,6.2,61.6,12.2,5287.8,5214.1,3.8,11.1,172.65,0.443,-0.297,0.161,0.138,2.606,-0.269,0.669,3.451,6902.0
2026-07-30 21:30:00+00:00,3370.0,884.3,6.6,97.9,182.3,0.0,527.0,0.2,4.6,21.5,16.6,6.0,57.5,0.9,5204.3,5146.0,3.6,10.4,169.78,0.333,-0.28,0.179,0.138,2.591,-0.299,0.669,3.332,6663.0
2026-07-30 21:45:00+00:00,3231.6,883.4,6.6,98.1,173.1,0.1,525.8,0.2,4.6,20.7,15.3,5.5,50.0,16.4,5060.0,4993.6,3.8,10.8,159.6,0.301,-0.315,0.006,0.138,2.675,-0.301,0.669,3.173,6346.0
2026-07-30 22:00:00+00:00,3156.9,881.5,5.3,97.3,156.7,0.0,537.5,0.2,4.6,38.8,12.4,6.2,41.5,0.5,4969.1,4927.1,3.3,9.3,177.28,0.317,-0.399,-0.066,0.114,2.806,-0.302,0.707,3.177,6354.0
2026-07-30 22:15:00+00:00,3064.4,880.2,5.2,90.8,140.3,0.0,527.4,0.2,4.6,41.0,12.2,5.7,35.3,3.9,4874.8,4835.6,3.2,8.9,170.09,0.183,-0.383,-0.047,0.114,2.804,-0.354,0.707,3.023,6047.0
2026-07-30 22:30:00+00:00,2976.8,879.8,5.2,83.3,136.5,0.0,532.3,0.2,4.6,40.1,12.4,6.2,34.5,7.0,4771.9,4730.5,3.1,8.6,164.6,0.167,-0.399,-0.053,0.114,2.819,-0.355,0.707,3.0,6000.0
2026-07-30 22:45:00+00:00,2866.5,879.8,5.2,75.1,135.8,3.8,537.3,0.2,4.6,40.8,12.3,6.2,30.2,7.2,4656.1,4618.7,3.0,7.9,161.51,0.101,-0.413,-0.055,0.114,2.829,-0.376,0.707,2.906,5813.000000000001
2026-07-30 23:00:00+00:00,2863.4,880.4,5.2,54.9,134.8,0.1,538.5,0.2,4.6,22.0,15.3,5.5,26.4,3.6,4584.0,4554.0,2.5,6.7,174.22,0.05,-0.438,-0.087,0.125,2.883,-0.399,0.733,2.866,5733.000000000001
2026-07-30 23:15:00+00:00,2726.2,880.8,5.2,44.8,134.0,8.1,544.4,0.2,4.6,20.3,14.2,5.8,25.9,5.6,4482.1,4450.6,2.3,6.1,169.26,0.01,-0.391,-0.079,0.125,2.766,-0.406,0.733,2.758,5516.0
2026-07-30 23:30:00+00:00,2650.2,880.1,5.2,44.6,136.0,12.7,552.8,0.2,4.6,20.3,13.7,6.1,27.2,7.2,4417.6,4383.1,2.4,6.2,157.61,-0.067,-0.342,-0.051,0.125,2.66,-0.428,0.733,2.63,5260.0
2026-07-30 23:45:00+00:00,2623.0,881.3,5.2,44.3,135.8,0.8,536.4,0.2,4.6,20.5,13.9,5.6,29.6,4.1,4361.9,4328.3,2.4,6.2,154.04,0.013,-0.376,-0.064,0.125,2.632,-0.398,0.733,2.665,5330.0
2026-07-31 00:00:00+00:00,2597.4,881.8,5.2,43.5,136.1,0.0,521.8,0.2,4.6,19.7,14.5,5.3,30.6,3.5,4313.8,4279.6,2.4,6.3,157.15,-0.04,-0.414,-0.073,0.144,2.725,-0.437,0.717,2.621,5243.0
2026-07-31 00:15:00+00:00,2565.1,882.3,5.2,43.1,134.5,0.0,515.2,0.2,4.6,19.1,14.4,5.0,33.1,0.1,4274.1,4240.8,2.4,6.2,154.5,-0.037,-0.386,-0.1,0.144,2.684,-0.419,0.717,2.602,5205.0
2026-07-31 00:30:00+00:00,2597.5,882.9,5.1,43.1,132.2,0.0,506.1,0.2,4.6,19.4,13.8,5.2,32.2,0.2,4245.5,4213.1,2.4,6.2,154.94,-0.103,-0.361,-0.097,0.144,2.683,-0.44,0.717,2.543,5086.0
2026-07-31 00:45:00+00:00,2628.9,884.0,5.1,43.3,131.3,0.0,505.6,0.2,4.6,19.6,12.7,5.5,35.5,1.4,4261.6,4224.7,2.5,6.4,158.59,-0.075,-0.348,-0.115,0.144,2.675,-0.417,0.717,2.58,5161.0
2026-07-31 01:00:00+00:00,2596.0,884.6,5.1,42.9,132.4,0.0,507.5,0.2,4.6,29.4,12.7,5.4,36.9,0.1,4257.4,4220.4,2.5,6.3,156.9,-0.051,-0.375,-0.13,0.122,2.717,-0.402,0.645,2.525,5051.0
2026-07-31 01:15:00+00:00,2711.8,884.1,5.1,43.0,131.9,0.0,507.0,0.2,4.6,29.8,14.2,5.5,39.1,0.2,4249.8,4210.6,2.6,6.6,156.54,-0.006,-0.4,-0.136,0.122,2.724,-0.382,0.645,2.566,5133.0
2026-07-31 01:30:00+00:00,2688.3,883.1,5.1,43.2,131.2,0.0,504.0,0.2,4.6,30.0,14.1,5.6,42.6,0.3,4252.3,4209.4,2.7,6.8,156.39,0.02,-0.398,-0.133,0.122,2.704,-0.375,0.645,2.585,5170.0
2026-07-31 01:45:00+00:00,2617.6,882.3,5.1,43.3,131.0,0.0,503.6,0.2,4.6,30.0,14.0,5.7,42.4,0.3,4254.2,4211.6,2.7,6.8,156.96,0.001,-0.389,-0.132,0.122,2.701,-0.383,0.645,2.564,5129.0
2026-07-31 02:00:00+00:00,2611.2,881.9,5.2,43.4,131.6,0.0,503.1,0.2,4.6,26.4,14.0,5.8,40.7,0.2,4311.7,4270.7,2.6,6.7,158.04,0.056,-0.315,-0.118,0.142,2.556,-0.351,0.633,2.604,5207.000000000001
2026-07-31 02:15:00+00:00,2644.4,881.7,5.1,42.4,133.1,0.0,506.6,0.2,4.6,26.1,14.1,5.3,39.5,0.2,4285.3,4245.6,2.5,6.6,155.63,0.068,-0.342,-0.13,0.142,2.578,-0.341,0.633,2.608,5215.999999999999
2026-07-31 02:30:00+00:00,2575.9,881.3,5.1,42.9,131.9,0.0,513.0,0.2,4.6,26.1,14.2,6.0,35.8,0.3,4287.3,4251.1,2.5,6.4,159.78,0.087,-0.333,-0.118,0.142,2.535,-0.341,0.633,2.606,5211.0
2026-07-31 02:45:00+00:00,2553.9,880.0,5.1,43.2,133.5,5.2,535.9,0.2,4.6,26.0,14.2,5.7,34.3,1.9,4298.9,4262.7,2.5,6.3,169.54,0.042,-0.33,-0.106,0.142,2.549,-0.362,0.633,2.568,5135.999999999999
2026-07-31 03:00:00+00:00,2627.5,881.0,5.1,43.1,144.3,0.4,526.5,0.2,4.6,29.0,14.6,5.6,29.0,1.9,4318.2,4287.3,2.3,6.0,171.45,-0.028,-0.222,-0.08,0.25,2.419,-0.364,0.689,2.664,5328.0
2026-07-31 03:15:00+00:00,2678.1,880.6,5.2,43.1,148.6,0.0,516.4,0.2,4.7,28.1,14.6,5.1,28.0,17.6,4386.1,4340.5,2.6,6.8,173.35,-0.103,-0.186,-0.058,0.25,2.451,-0.383,0.689,2.66,5320.0
2026-07-31 03:30:00+00:00,2606.1,880.4,5.2,42.9,148.2,0.0,517.9,0.2,4.7,28.2,14.6,5.0,31.9,57.3,4393.1,4303.9,3.6,9.2,179.39,-0.142,-0.105,-0.019,0.25,2.288,-0.361,0.689,2.6,5199.999999999999
2026-07-31 03:45:00+00:00,2636.1,880.7,5.2,43.2,146.9,0.0,513.0,0.2,4.7,25.4,14.7,4.9,36.2,124.3,4441.9,4281.4,5.2,12.8,179.3,-0.172,-0.096,0.047,0.25,2.198,-0.345,0.689,2.572,5143.0
2026-07-31 04:00:00+00:00,2773.3,881.0,6.9,42.9,141.1,0.0,504.4,0.2,4.7,24.9,14.7,4.7,39.0,218.7,4608.0,4350.3,7.1,17.5,173.67,-0.133,0.018,0.103,0.264,1.974,-0.275,0.768,2.718,5437.0
2026-07-31 04:15:00+00:00,2762.3,881.6,6.9,42.9,142.0,0.0,499.3,0.2,4.7,31.5,13.7,4.9,38.8,351.5,4709.2,4318.9,9.8,22.8,185.13,-0.15,0.046,0.125,0.264,1.915,-0.261,0.768,2.706,5413.0
2026-07-31 04:30:00+00:00,2551.9,882.2,6.9,42.8,144.2,0.0,513.9,0.2,4.7,30.6,13.6,5.9,37.9,527.0,4743.3,4178.4,13.4,28.8,185.29,-0.27,0.052,0.195,0.264,1.806,-0.302,0.768,2.512,5025.0
2026-07-31 04:45:00+00:00,2364.0,883.7,6.9,42.8,144.6,0.0,513.3,0.2,4.7,52.9,13.4,5.3,38.3,750.0,4756.0,3967.6,18.1,35.0,178.52,-0.221,-0.015,0.326,0.264,1.632,-0.37,0.768,2.384,4768.000000000001
2026-07-31 05:00:00+00:00,2086.7,884.5,6.9,42.5,144.6,0.0,509.5,0.2,4.7,53.4,13.0,5.4,31.1,1013.2,4737.0,3692.7,23.5,41.1,189.27,-0.16,-0.042,0.34,0.187,1.406,-0.417,0.735,2.049,4098.0
2026-07-31 05:15:00+00:00,1778.8,882.5,6.9,43.1,145.8,0.0,509.6,0.2,4.7,65.5,13.5,5.6,22.8,1314.3,4756.4,3419.4,29.6,46.7,180.0,-0.219,-0.036,0.386,0.187,1.209,-0.45,0.735,1.812,3624.0000000000005
2026-07-31 05:30:00+00:00,1555.3,880.8,6.9,42.5,144.3,0.0,495.7,0.2,4.7,77.2,15.0,6.2,18.0,1628.3,4750.2,3103.9,36.2,51.8,172.61,-0.307,-0.06,0.467,0.187,0.992,-0.517,0.735,1.496,2993.0
2026-07-31 05:45:00+00:00,1180.2,881.0,6.9,41.7,142.8,0.0,496.2,0.2,4.6,82.1,14.1,5.7,14.4,1935.6,4755.0,2805.1,42.5,55.7,150.2,-0.381,-0.04,0.537,0.187,0.722,-0.556,0.735,1.204,2407.9999999999995
2026-07-31 06:00:00+00:00,946.8,880.8,5.3,41.9,142.6,0.0,502.8,0.2,4.6,85.5,12.9,7.0,10.2,2220.2,4679.4,2448.9,49.1,58.7,182.6,-0.447,-0.132,0.533,0.145,0.635,-0.629,0.826,0.93,1861.0000000000002
2026-07-31 06:15:00+00:00,651.4,881.3,5.1,43.9,132.1,0.0,505.3,0.2,4.7,91.7,14.3,7.9,5.8,2481.3,4687.4,2200.4,54.6,61.3,170.72,-0.506,-0.142,0.579,0.145,0.456,-0.681,0.826,0.677,1353.9999999999998
2026-07-31 06:30:00+00:00,553.2,882.2,5.1,43.9,129.5,0.0,499.9,0.2,4.7,81.9,14.4,9.5,2.7,2706.0,4733.2,2024.5,58.8,63.5,153.29,-0.554,-0.12,0.627,0.145,0.247,-0.701,0.826,0.471,941.0
2026-07-31 06:45:00+00:00,387.3,882.9,5.1,42.6,128.4,0.0,477.8,0.2,4.7,83.3,14.3,9.2,1.1,2909.4,4775.8,1865.3,62.4,65.4,139.0,-0.627,-0.069,0.686,0.145,-0.0,-0.716,0.826,0.245,490.0000000000001
2026-07-31 07:00:00+00:00,285.5,883.3,5.1,41.7,129.7,0.0,250.8,0.2,4.7,84.7,14.7,8.3,1.3,3097.4,4694.2,1595.5,67.5,70.1,159.97,-0.515,-0.217,0.541,0.02,0.369,-0.656,0.748,0.291,581.0
2026-07-31 07:15:00+00:00,215.5,884.1,5.1,41.8,131.5,0.0,100.4,0.2,4.7,83.7,12.7,9.0,1.4,3269.4,4602.5,1331.7,72.6,73.5,144.3,-0.521,-0.295,0.543,0.02,0.448,-0.676,0.748,0.267,534.0
2026-07-31 07:30:00+00:00,127.8,884.6,5.1,41.6,130.5,0.0,89.3,0.2,4.6,84.9,12.0,8.7,2.0,3425.0,4616.0,1188.9,75.7,74.5,120.99,-0.583,-0.225,0.609,0.02,0.204,-0.714,0.748,0.059,118.00000000000004
2026-07-31 07:45:00+00:00,-119.1,884.1,5.1,41.4,119.1,0.0,93.5,0.2,4.6,95.1,12.9,8.5,3.5,3576.6,4583.9,1003.7,79.6,75.3,113.46,-0.603,-0.2,0.631,0.02,-0.021,-0.707,0.748,-0.132,-263.9999999999999
2026-07-31 08:00:00+00:00,-54.4,881.3,5.1,40.9,111.1,0.0,84.7,0.2,4.6,94.8,13.4,8.3,6.1,3689.3,4689.1,993.7,80.3,76.2,138.21,-0.501,-0.358,0.54,-0.067,0.274,-0.71,0.731,-0.091,-181.99999999999986
2026-07-31 08:15:00+00:00,-155.3,881.0,5.1,41.1,109.5,0.0,83.4,0.2,4.6,105.3,13.1,7.9,9.4,3755.6,4667.3,902.4,82.1,76.4,112.34,-0.485,-0.377,0.577,-0.067,0.157,-0.731,0.731,-0.196,-391.00000000000006
2026-07-31 08:30:00+00:00,-235.9,880.9,5.1,41.5,110.9,0.0,83.7,0.2,4.6,106.0,13.8,7.2,11.6,3890.5,4713.7,811.6,84.2,77.0,108.89,-0.476,-0.384,0.592,-0.067,0.057,-0.727,0.731,-0.273,-546.9999999999999
2026-07-31 08:45:00+00:00,-430.1,880.8,5.1,41.3,109.2,0.0,85.4,0.2,4.7,109.6,13.5,7.3,14.9,3988.4,4674.3,671.0,87.1,77.4,100.13,-0.438,-0.42,0.582,-0.067,0.004,-0.722,0.731,-0.331,-661.0
2026-07-31 09:00:00+00:00,-388.1,880.9,5.1,40.9,110.8,0.0,86.5,0.2,4.6,110.2,13.6,7.0,15.2,4014.3,4654.2,624.8,88.0,77.5,111.65,-0.424,-0.445,0.569,-0.128,0.023,-0.745,0.629,-0.521,-1041.9999999999998
2026-07-31 09:15:00+00:00,-423.3,881.2,5.1,41.1,111.4,0.0,88.8,0.2,4.6,108.8,14.3,8.1,16.7,4111.8,4648.6,520.0,90.3,77.9,99.11,-0.399,-0.427,0.545,-0.128,-0.082,-0.735,0.629,-0.597,-1194.0
2026-07-31 09:30:00+00:00,-481.6,881.2,4.8,41.0,112.3,0.0,89.0,0.2,4.6,108.7,13.9,7.9,19.1,4173.2,4705.9,513.6,90.5,78.1,96.36,-0.331,-0.518,0.505,-0.128,0.027,-0.715,0.629,-0.531,-1061.9999999999998
2026-07-31 09:45:00+00:00,-550.0,881.4,4.8,41.2,103.6,0.0,87.1,0.2,4.6,109.0,13.1,8.2,21.9,4210.5,4670.6,438.3,92.1,78.4,90.87,-0.296,-0.538,0.475,-0.128,0.03,-0.702,0.629,-0.53,-1060.0
2026-07-31 10:00:00+00:00,-495.5,881.4,4.8,41.2,108.7,0.0,94.1,0.2,4.6,109.6,13.7,8.4,21.4,4225.0,4757.1,510.7,90.7,78.3,97.92,-0.247,-0.549,0.498,-0.225,0.004,-0.708,0.549,-0.678,-1355.9999999999998
2026-07-31 10:15:00+00:00,-390.9,881.5,4.8,41.1,107.8,0.0,93.3,0.2,4.6,109.2,13.0,8.2,18.4,4244.5,4782.7,519.8,90.6,78.4,95.74,-0.172,-0.634,0.439,-0.225,0.184,-0.681,0.549,-0.54,-1080.0
2026-07-31 10:30:00+00:00,-335.0,881.5,4.8,41.1,107.2,0.0,83.3,0.2,4.6,108.8,13.2,8.4,16.3,4239.4,4841.0,585.2,89.3,78.5,96.03,-0.115,-0.63,0.405,-0.225,0.229,-0.638,0.549,-0.425,-849.9999999999999
2026-07-31 10:45:00+00:00,-326.1,881.0,4.9,41.2,110.1,0.0,80.1,0.2,4.6,108.9,12.5,8.7,16.3,4221.8,4863.9,625.8,88.5,78.4,86.99,-0.072,-0.638,0.369,-0.225,0.256,-0.604,0.549,-0.366,-730.9999999999999
2026-07-31 11:00:00+00:00,-309.2,881.1,4.9,41.1,109.3,0.0,69.2,0.2,4.6,109.1,13.0,8.3,15.6,4219.4,4852.1,617.1,88.7,78.6,85.01,-0.005,-0.715,0.353,-0.31,0.337,-0.588,0.406,-0.522,-1044.0
2026-07-31 11:15:00+00:00,-259.8,879.6,5.1,40.7,104.7,0.0,67.6,0.2,4.6,108.8,12.8,8.7,14.5,4183.8,4824.2,625.8,88.4,78.6,84.46,0.061,-0.76,0.303,-0.31,0.454,-0.57,0.406,-0.416,-832.0000000000001
2026-07-31 11:30:00+00:00,-279.4,879.7,5.2,40.7,102.6,0.0,78.6,0.2,4.7,109.1,13.5,8.3,14.0,4206.0,4808.0,587.9,89.2,78.5,82.25,0.089,-0.789,0.268,-0.31,0.478,-0.546,0.406,-0.402,-806.0
2026-07-31 11:45:00+00:00,-227.0,879.0,5.2,40.8,99.9,0.0,73.8,0.2,4.7,108.6,12.8,8.3,13.7,4166.3,4774.6,594.5,89.0,78.5,81.35,0.062,-0.724,0.307,-0.31,0.356,-0.556,0.406,-0.458,-917.0
2026-07-31 12:00:00+00:00,-267.4,877.1,5.3,40.5,103.3,0.0,87.2,0.2,4.7,108.9,12.7,8.7,14.3,3952.2,4668.3,701.7,86.4,77.4,80.4,0.012,-0.702,0.357,-0.244,0.355,-0.592,0.424,-0.388,-778.0
2026-07-31 12:15:00+00:00,-157.6,876.9,5.3,40.6,103.2,0.0,86.9,0.2,4.7,109.4,12.6,6.8,13.1,3891.7,4687.0,782.2,84.7,77.1,81.99,0.045,-0.699,0.354,-0.244,0.427,-0.574,0.424,-0.266,-532.9999999999999
2026-07-31 12:30:00+00:00,-200.6,876.4,5.3,40.2,98.8,0.0,93.3,0.2,4.6,110.6,13.1,7.8,11.1,3951.7,4737.6,774.8,85.1,77.3,87.81,0.003,-0.643,0.395,-0.244,0.314,-0.58,0.424,-0.33,-660.9999999999999
2026-07-31 12:45:00+00:00,-62.1,874.1,5.3,40.0,107.5,0.0,95.6,0.2,4.7,108.8,13.2,7.9,11.3,3790.2,4785.7,984.2,80.8,76.5,94.94,0.06,-0.589,0.35,-0.244,0.406,-0.522,0.424,-0.114,-228.99999999999991
2026-07-31 13:00:00+00:00,212.5,873.6,5.3,39.8,107.9,0.0,92.6,0.2,4.7,113.1,13.2,5.7,10.1,3718.1,4905.0,1176.7,77.4,76.1,91.06,0.024,-0.509,0.412,-0.181,0.284,-0.461,0.443,0.011,22.999999999999954
2026-07-31 13:15:00+00:00,231.1,873.2,5.3,40.0,109.3,0.0,100.6,0.2,4.7,107.7,14.1,5.4,9.3,3669.7,4919.3,1240.3,76.1,75.8,100.56,0.055,-0.549,0.349,-0.181,0.423,-0.437,0.443,0.104,206.99999999999991
2026-07-31 13:30:00+00:00,458.7,872.7,5.3,42.0,108.6,0.0,98.3,0.2,4.6,107.7,14.4,5.7,10.2,3599.2,5032.3,1422.9,73.1,75.6,108.91,0.096,-0.577,0.322,-0.181,0.6,-0.418,0.443,0.285,570.0000000000001
2026-07-31 13:45:00+00:00,726.6,873.0,5.4,49.0,110.2,0.0,97.5,0.2,4.6,99.6,11.0,8.7,12.1,3466.3,5122.5,1644.1,69.4,75.0,124.99,0.149,-0.538,0.317,-0.181,0.642,-0.413,0.443,0.419,838.0000000000001
2026-07-31 14:00:00+00:00,932.3,873.0,5.7,54.7,109.6,0.0,97.0,0.2,4.6,106.2,10.7,5.2,10.8,3307.9,5215.6,1896.9,65.1,74.1,113.36,-0.026,-0.31,0.508,-0.034,0.44,-0.432,0.479,0.625,1250.0
2026-07-31 14:15:00+00:00,1134.3,873.1,5.7,60.0,121.7,0.0,98.2,0.2,4.6,100.9,10.9,5.2,11.7,3129.5,5324.7,2183.5,60.6,72.9,116.88,0.069,-0.341,0.454,-0.034,0.69,-0.427,0.479,0.891,1781.0
2026-07-31 14:30:00+00:00,1468.6,873.2,5.7,65.9,124.1,0.0,99.7,0.2,4.7,102.4,9.9,5.4,11.3,2934.2,5495.9,2550.4,55.2,71.6,128.36,0.131,-0.371,0.383,-0.034,1.059,-0.403,0.479,1.244,2487.9999999999995
2026-07-31 14:45:00+00:00,1837.9,870.9,5.7,70.1,122.5,0.0,100.1,0.2,4.7,97.5,10.4,9.5,8.2,2735.3,5604.9,2861.4,50.7,70.4,141.79,0.305,-0.398,0.279,-0.034,1.354,-0.357,0.479,1.628,3256.0
2026-07-31 15:00:00+00:00,2021.7,871.1,5.7,78.1,123.6,0.0,163.4,0.2,4.7,91.1,8.6,8.9,9.7,2411.3,5675.7,3254.7,44.4,66.8,127.64,0.522,-0.239,0.169,0.047,1.29,-0.253,0.362,1.899,3797.0
2026-07-31 15:15:00+00:00,2291.9,870.9,5.7,85.3,124.1,0.0,189.1,0.2,4.7,87.3,9.8,8.4,9.6,2202.6,5759.8,3547.6,40.3,64.5,140.41,0.662,-0.231,0.095,0.047,1.441,-0.198,0.362,2.179,4357.0
2026-07-31 15:30:00+00:00,2595.4,870.2,5.7,91.0,121.7,0.0,239.3,0.2,4.6,92.5,9.3,8.7,9.5,1976.4,5855.6,3869.7,35.9,61.3,171.92,0.645,-0.223,0.072,0.047,1.672,-0.183,0.362,2.393,4785.0
2026-07-31 15:45:00+00:00,2919.3,870.1,5.7,95.2,131.0,0.0,316.2,0.2,4.6,85.3,10.3,8.8,10.8,1662.1,5970.2,4297.3,30.0,56.0,189.94,0.691,-0.152,0.062,0.047,1.768,-0.153,0.362,2.626,5250.999999999999
2026-07-31 16:00:00+00:00,3176.9,870.6,5.7,95.5,148.8,0.0,429.5,0.2,4.6,64.9,8.0,8.1,10.3,1200.3,6044.5,4833.9,22.0,46.7,160.59,0.949,-0.036,-0.003,0.147,1.748,-0.01,0.335,3.13,6260.0
2026-07-31 16:15:00+00:00,3480.2,870.1,5.7,95.6,167.4,0.0,399.1,0.2,4.6,55.0,8.3,8.0,11.3,994.4,6158.3,5152.6,18.3,42.9,187.71,1.208,0.008,-0.024,0.147,1.721,0.074,0.335,3.468,6936.999999999999
2026-07-31 16:30:00+00:00,3796.8,870.4,5.7,94.9,178.1,0.0,344.2,0.2,4.6,56.2,8.1,7.6,12.5,755.0,6173.5,5406.0,14.3,37.9,202.85,1.307,0.006,-0.059,0.147,1.893,0.11,0.335,3.739,7478.0
2026-07-31 16:45:00+00:00,3851.3,870.4,5.7,95.8,180.0,0.0,367.9,0.2,4.6,56.2,8.5,8.1,13.6,536.9,6127.1,5576.7,10.9,31.2,248.85,1.351,0.023,-0.051,0.147,1.904,0.136,0.335,3.844,7689.0
2026-07-31 17:00:00+00:00,3961.3,870.7,5.7,95.8,181.8,0.0,507.6,0.2,4.6,33.4,8.9,7.6,16.2,350.9,6181.6,5814.6,7.9,23.3,216.17,1.215,0.022,-0.028,0.152,2.071,0.124,0.423,3.978,7957.000000000001
2026-07-31 17:15:00+00:00,4031.5,870.9,5.7,95.7,181.5,0.0,548.0,0.2,4.6,20.8,8.6,5.1,22.6,227.6,6120.3,5870.1,6.0,18.5,251.91,1.219,-0.024,-0.053,0.152,2.165,0.132,0.423,4.014,8028.000000000001
2026-07-31 17:30:00+00:00,4004.1,871.1,5.7,96.3,181.3,0.0,539.1,0.2,4.6,20.4,8.8,5.7,28.3,137.7,5996.4,5830.4,4.7,15.0,271.82,1.195,-0.012,-0.051,0.152,2.142,0.13,0.423,3.98,7959.0
2026-07-31 17:45:00+00:00,4119.7,871.1,5.7,97.6,180.5,0.0,492.4,0.2,4.6,20.3,9.1,6.0,41.9,67.4,5972.4,5863.1,3.8,12.8,334.53,1.269,0.003,-0.055,0.152,2.137,0.146,0.423,4.075,8149.999999999998
2026-07-31 18:00:00+00:00,4022.4,870.9,6.6,98.0,181.4,0.0,523.4,0.2,4.7,19.8,8.9,5.8,57.8,17.7,5927.3,5851.8,3.3,11.0,269.39,1.214,0.024,-0.033,0.173,2.058,0.129,0.431,3.996,7992.0
2026-07-31 18:15:00+00:00,4104.8,871.2,6.7,98.3,180.8,0.0,468.3,0.2,4.6,19.7,8.8,5.6,68.9,3.7,5934.8,5862.3,3.3,11.2,251.87,1.292,0.0,-0.044,0.173,2.089,0.118,0.431,4.059,8117.999999999998
2026-07-31 18:30:00+00:00,4088.0,873.1,6.7,98.2,181.3,0.0,462.4,0.2,4.6,20.0,8.9,6.0,84.6,2.6,5894.8,5807.6,3.5,11.9,241.54,1.387,0.009,-0.035,0.173,1.996,0.134,0.431,4.096,8190.999999999999
2026-07-31 18:45:00+00:00,4114.1,874.0,6.7,98.5,181.0,0.0,450.3,0.2,4.6,20.3,9.1,6.4,97.0,1.3,5888.7,5790.3,3.7,12.6,230.07,1.458,0.008,-0.019,0.173,1.929,0.125,0.431,4.105,8210.0
2026-07-31 19:00:00+00:00,3945.3,874.2,6.7,99.8,177.6,0.0,533.1,0.2,4.6,30.9,9.3,6.1,103.4,6.0,5716.4,5606.9,4.1,12.6,234.42,1.364,-0.044,-0.012,0.18,1.952,0.065,0.29,3.794,7589.0
2026-07-31 19:15:00+00:00,3949.6,874.6,6.7,100.2,177.8,0.0,573.7,0.2,4.6,22.0,9.0,6.3,107.2,7.3,5652.6,5538.2,4.2,12.6,219.25,1.361,-0.028,0.001,0.18,1.874,0.063,0.29,3.741,7482.0
2026-07-31 19:30:00+00:00,3843.2,874.6,6.7,101.0,177.3,0.0,555.6,0.2,4.6,51.4,9.0,5.6,107.2,6.3,5581.0,5467.4,4.3,12.5,201.96,1.337,-0.031,-0.009,0.18,1.849,0.05,0.29,3.666,7332.0
2026-07-31 19:45:00+00:00,3730.4,875.6,6.7,100.7,177.2,0.0,520.9,0.2,4.6,48.8,9.5,5.6,106.8,6.1,5538.5,5425.6,4.3,12.7,195.09,1.226,-0.059,-0.013,0.18,1.973,0.022,0.29,3.618,7237.0
2026-07-31 20:00:00+00:00,3944.5,876.5,6.7,100.7,177.6,0.0,428.6,0.2,4.6,28.2,9.5,5.9,107.6,8.7,5647.5,5531.2,4.3,13.7,200.3,1.356,-0.162,-0.093,0.164,2.325,0.035,0.348,3.973,7946.0
2026-07-31 20:15:00+00:00,3905.7,875.9,6.7,100.0,182.8,0.0,432.8,0.2,4.6,21.2,10.0,5.2,105.3,8.2,5637.3,5523.8,4.2,13.6,197.83,1.259,-0.197,-0.087,0.164,2.389,-0.009,0.348,3.867,7734.0
2026-07-31 20:30:00+00:00,3829.0,872.7,6.7,99.9,181.2,0.0,397.1,0.2,4.5,21.3,10.6,5.8,105.1,12.9,5483.2,5365.1,4.4,14.1,183.15,1.161,-0.204,-0.061,0.164,2.363,-0.047,0.348,3.725,7449.0
2026-07-31 20:45:00+00:00,3845.6,855.7,6.7,100.2,179.9,0.0,376.2,0.2,4.5,19.7,10.3,6.0,102.5,13.4,5499.7,5383.8,4.4,14.4,174.61,1.078,-0.18,-0.042,0.164,2.388,-0.058,0.348,3.697,7395.0
2026-07-31 21:00:00+00:00,3851.5,813.1,6.7,99.1,182.5,0.0,392.3,0.2,4.5,21.2,10.5,6.0,87.4,0.4,5445.6,5357.7,3.9,13.0,178.97,1.077,-0.155,-0.08,0.205,2.309,-0.035,0.466,3.788,7574.999999999999
2026-07-31 21:15:00+00:00,3781.1,770.2,6.7,100.0,177.3,0.0,477.8,0.2,4.5,20.0,9.6,5.8,71.7,0.1,5361.5,5289.7,3.6,11.9,170.11,1.01,-0.143,-0.05,0.205,2.265,-0.064,0.466,3.689,7378.0
2026-07-31 21:30:00+00:00,3843.1,721.7,5.8,97.4,165.8,0.0,500.9,0.2,4.5,19.6,10.1,5.4,58.6,0.1,5261.1,5202.4,3.4,11.3,167.36,0.968,-0.141,-0.051,0.205,2.27,-0.078,0.466,3.639,7278.000000000001
2026-07-31 21:45:00+00:00,3733.2,677.7,6.2,96.8,158.8,0.0,478.3,0.2,4.5,19.3,10.2,5.9,52.3,0.1,5117.9,5065.5,3.4,11.5,165.13,0.93,-0.125,-0.031,0.205,2.235,-0.094,0.466,3.586,7172.000000000001
2026-07-31 22:00:00+00:00,3513.9,636.1,5.3,96.9,170.1,,476.7,0.2,4.5,47.9,9.6,6.8,47.5,0.1,5028.9,4981.2,3.3,11.2,184.29,0.885,-0.188,-0.111,0.183,2.289,-0.108,0.538,3.488,6976.000000000001
2026-07-31 22:15:00+00:00,3428.4,637.5,5.2,95.7,161.9,,486.1,0.2,4.5,48.0,10.2,7.3,39.8,0.2,4913.8,4873.8,3.2,10.7,174.2,0.824,-0.218,-0.172,0.183,2.329,-0.16,0.538,3.324,6648.0
2026-07-31 22:30:00+00:00,3407.1,637.3,5.2,95.9,146.0,,483.9,0.2,4.5,47.1,9.7,6.8,30.3,0.2,4804.1,4773.7,3.1,10.2,165.25,0.812,-0.242,-0.205,0.183,2.368,-0.151,0.538,3.304,6606.999999999999
2026-07-31 22:45:00+00:00,3272.0,637.7,5.2,96.7,138.6,,474.8,0.2,4.5,47.6,9.0,7.0,23.5,0.1,4739.5,4715.8,3.0,9.9,157.18,0.859,-0.265,-0.229,0.183,2.365,-0.137,0.538,3.314,6628.0
2026-07-31 23:00:00+00:00,3121.3,638.9,5.2,97.2,144.4,,502.7,0.2,4.5,43.4,9.4,7.4,14.8,0.2,4592.5,4577.5,2.9,9.2,170.39,0.723,-0.358,-0.2,0.121,2.406,-0.225,0.589,3.057,6113.0
2026-07-31 23:15:00+00:00,2989.5,642.3,5.2,96.8,141.4,,520.6,0.2,4.5,40.8,9.2,6.8,12.0,1.9,4513.3,4499.4,3.0,9.0,169.29,0.725,-0.35,-0.219,0.121,2.35,-0.232,0.589,2.985,5968.999999999999
2026-07-31 23:30:00+00:00,2973.5,639.8,5.2,92.1,137.0,,521.4,0.2,4.6,40.7,7.8,7.6,13.1,2.6,4467.8,4452.0,2.9,8.8,158.07,0.743,-0.374,-0.224,0.121,2.344,-0.248,0.589,2.952,5903.000000000001
2026-07-31 23:45:00+00:00,2881.7,640.4,5.2,97.3,141.7,,515.0,0.2,4.6,41.0,7.6,7.4,12.7,2.7,4373.0,4357.6,3.1,9.1,156.91,0.723,-0.388,-0.244,0.121,2.341,-0.244,0.589,2.898,5796.0
2026-08-01 00:00:00+00:00,2873.8,641.0,5.2,97.6,141.7,,514.9,0.2,4.6,33.3,9.2,7.0,13.7,2.6,4331.2,4314.8,3.2,9.3,161.87,0.595,-0.413,-0.177,0.071,2.367,-0.265,0.619,2.796,5593.0
2026-08-01 00:15:00+00:00,2805.9,641.4,5.2,97.5,140.9,,524.2,0.2,4.6,33.6,10.9,7.8,11.5,2.6,4277.5,4263.5,3.2,9.2,160.5,0.507,-0.453,-0.206,0.071,2.494,-0.27,0.619,2.762,5524.000000000001
2026-08-01 00:30:00+00:00,2803.1,641.6,5.2,97.1,140.7,,515.3,0.2,4.6,33.0,11.2,7.5,6.6,2.7,4245.8,4236.4,3.1,9.0,156.69,0.448,-0.453,-0.213,0.071,2.545,-0.262,0.619,2.755,5510.0
2026-08-01 00:45:00+00:00,2787.4,641.7,5.2,97.0,139.4,,506.0,0.2,4.6,32.7,12.6,7.1,5.2,0.3,4223.1,4217.6,3.0,8.9,153.15,0.432,-0.443,-0.222,0.071,2.566,-0.244,0.619,2.779,5558.0
2026-08-01 01:00:00+00:00,2820.8,642.0,5.2,97.1,140.7,,502.4,0.2,4.6,24.1,13.1,7.0,1.7,0.3,4250.6,4248.5,3.0,8.7,158.35,0.339,-0.418,-0.2,0.087,2.601,-0.265,0.614,2.757,5515.0
2026-08-01 01:15:00+00:00,2769.9,641.4,5.2,97.1,139.9,,501.5,0.2,4.6,23.0,13.0,7.8,0.9,0.2,4225.9,4224.8,3.0,8.7,154.3,0.31,-0.393,-0.216,0.087,2.58,-0.254,0.614,2.728,5455.999999999999
2026-08-01 01:30:00+00:00,2794.8,641.2,5.2,97.2,140.4,,505.2,0.2,4.6,23.4,12.8,7.3,0.8,0.1,4200.2,4199.3,3.0,8.7,156.12,0.337,-0.428,-0.238,0.087,2.616,-0.238,0.614,2.75,5500.0
2026-08-01 01:45:00+00:00,2792.4,642.4,5.2,97.2,141.4,,511.0,0.2,4.5,23.0,13.1,7.2,1.1,0.1,4161.1,4159.8,3.0,8.6,154.4,0.302,-0.425,-0.239,0.087,2.62,-0.243,0.614,2.716,5432.0
2026-08-01 02:00:00+00:00,2828.7,642.0,5.2,97.3,139.6,,501.7,0.2,4.5,22.5,12.1,7.6,3.2,0.1,4170.6,4167.4,3.0,8.8,156.96,0.241,-0.384,-0.21,0.098,2.576,-0.258,0.628,2.69,5381.0
2026-08-01 02:15:00+00:00,2816.1,641.9,5.2,97.2,139.3,,509.4,0.2,4.5,22.4,12.5,7.4,2.8,0.0,4166.1,4163.3,3.0,8.7,161.24,0.264,-0.404,-0.231,0.098,2.605,-0.255,0.628,2.704,5409.000000000001
2026-08-01 02:30:00+00:00,2821.9,641.8,5.2,96.8,141.2,,504.6,0.2,4.5,22.6,12.6,8.0,1.1,0.0,4175.0,4173.9,3.0,8.7,154.77,0.246,-0.414,-0.221,0.098,2.642,-0.266,0.628,2.713,5426.0
2026-08-01 02:45:00+00:00,2801.5,641.7,5.2,97.4,137.9,,501.1,0.2,4.5,22.4,12.6,7.8,0.9,0.0,4164.2,4163.3,3.0,8.7,151.88,0.244,-0.419,-0.218,0.098,2.63,-0.26,0.628,2.702,5405.0
2026-08-01 03:00:00+00:00,2705.8,643.0,5.2,97.3,132.1,,502.6,0.2,4.5,24.7,12.8,7.1,1.3,1.1,4158.3,4155.8,3.0,8.8,154.01,0.167,-0.39,-0.181,0.142,2.607,-0.281,0.649,2.713,5426.0
2026-08-01 03:15:00+00:00,2716.3,643.2,5.2,96.9,129.1,,513.7,0.2,4.5,24.0,12.7,7.4,0.5,15.6,4124.9,4108.8,3.4,9.6,162.84,0.126,-0.374,-0.163,0.142,2.577,-0.295,0.649,2.661,5323.0
2026-08-01 03:30:00+00:00,2630.4,643.0,5.0,97.1,124.4,,506.7,0.2,4.5,23.0,12.4,7.6,0.2,55.3,4117.8,4062.3,4.3,12.1,157.58,0.054,-0.299,-0.139,0.142,2.466,-0.29,0.649,2.583,5166.0
2026-08-01 03:45:00+00:00,2615.5,620.4,5.0,97.3,123.3,,505.7,0.2,4.5,26.8,12.1,7.2,0.1,120.0,4075.2,3955.0,6.0,16.0,158.61,-0.009,-0.269,-0.114,0.142,2.383,-0.3,0.649,2.481,4963.0
2026-08-01 04:00:00+00:00,2643.7,577.4,6.7,97.0,123.2,,514.7,0.2,4.5,29.8,12.2,7.2,0.3,214.4,4094.3,3879.6,8.3,21.3,166.66,-0.067,-0.242,-0.067,0.165,2.328,-0.297,0.662,2.483,4965.0
2026-08-01 04:15:00+00:00,2596.1,535.9,6.8,97.0,122.9,,516.7,0.2,4.5,35.9,12.4,7.0,0.6,345.9,4107.9,3761.3,11.5,27.9,162.86,-0.13,-0.225,-0.034,0.165,2.271,-0.316,0.662,2.392,4785.0
2026-08-01 04:30:00+00:00,2414.1,497.0,6.8,96.9,124.1,,511.5,0.2,4.5,36.3,12.4,7.7,0.9,518.4,4123.0,3603.8,15.6,35.4,152.08,-0.129,-0.255,0.01,0.165,2.195,-0.318,0.662,2.329,4659.0
2026-08-01 04:45:00+00:00,2258.5,453.9,6.8,97.1,124.3,,506.3,0.2,4.5,56.1,11.9,7.2,1.2,735.8,4097.2,3360.2,21.0,42.9,149.8,-0.188,-0.253,0.056,0.165,2.026,-0.339,0.662,2.129,4258.0
2026-08-01 05:00:00+00:00,2052.2,407.4,6.8,96.4,124.6,,504.2,0.2,4.5,57.6,11.8,6.9,0.9,1003.7,4101.9,3097.2,27.5,50.7,162.96,-0.298,-0.203,0.149,0.143,1.783,-0.371,0.703,1.907,3812.9999999999995
2026-08-01 05:15:00+00:00,1757.5,402.5,7.0,96.1,123.5,,497.2,0.2,4.5,69.2,11.2,7.0,0.7,1309.2,4089.0,2779.1,35.0,56.7,147.0,-0.45,-0.116,0.219,0.143,1.461,-0.368,0.703,1.593,3184.9999999999995
2026-08-01 05:30:00+00:00,1461.3,402.6,7.1,96.2,124.9,,497.0,0.2,4.5,69.2,11.9,7.2,0.6,1621.4,4060.2,2438.1,43.0,61.4,141.73,-0.607,-0.071,0.312,0.143,1.171,-0.399,0.703,1.253,2505.0
2026-08-01 05:45:00+00:00,1203.7,402.4,6.2,96.2,124.7,,479.9,0.2,4.5,79.0,12.2,7.7,0.5,1933.3,4043.0,2109.3,50.9,65.4,134.0,-0.639,-0.107,0.449,0.143,0.927,-0.399,0.703,1.077,2154.0
2026-08-01 06:00:00+00:00,1160.2,402.4,4.9,96.2,124.6,,299.1,0.2,4.5,79.0,11.6,8.0,0.4,2225.8,4032.2,1806.0,58.2,72.1,160.86,-0.533,-0.167,0.392,0.006,0.915,-0.384,0.669,0.9,1798.0
2026-08-01 06:15:00+00:00,1078.3,400.9,5.2,95.9,124.6,,153.6,0.2,4.5,84.3,11.7,7.6,0.3,2482.6,4050.0,1567.2,64.3,77.2,143.7,-0.537,-0.146,0.449,0.006,0.735,-0.387,0.669,0.79,1579.0
2026-08-01 06:30:00+00:00,838.3,401.4,5.2,96.0,112.4,,93.3,0.2,4.5,84.1,12.6,7.3,0.1,2698.6,4012.3,1313.5,70.3,80.2,133.18,-0.606,-0.136,0.519,0.006,0.583,-0.411,0.669,0.626,1250.0
2026-08-01 06:45:00+00:00,589.6,401.5,5.2,95.9,96.4,,91.6,0.2,4.5,86.3,12.4,6.7,0.1,2907.4,4045.5,1138.0,74.9,81.7,131.47,-0.674,-0.176,0.51,0.006,0.481,-0.417,0.669,0.4,798.9999999999999
2026-08-01 07:00:00+00:00,424.9,400.9,5.2,96.2,93.6,,90.7,0.2,4.5,86.6,11.2,6.6,0.0,3112.5,4055.0,942.5,79.7,82.7,145.41,-0.606,-0.297,0.463,-0.095,0.535,-0.442,0.712,0.27,540.0
2026-08-01 07:15:00+00:00,224.0,398.4,5.2,96.2,92.3,,89.2,0.2,4.5,87.0,11.3,6.3,0.6,3278.4,4072.0,792.9,83.5,83.5,125.62,-0.6,-0.289,0.501,-0.095,0.349,-0.444,0.712,0.135,268.9999999999999
2026-08-01 07:30:00+00:00,61.2,398.6,5.2,95.7,93.7,,85.5,0.2,4.5,86.2,10.7,6.9,1.9,3431.7,4108.5,674.9,86.5,84.2,124.75,-0.632,-0.265,0.531,-0.095,0.223,-0.436,0.712,0.038,76.00000000000004
2026-08-01 07:45:00+00:00,-68.2,398.2,5.2,95.6,93.1,,83.3,0.2,4.5,97.8,10.6,7.0,2.4,3555.4,4137.2,579.4,88.9,84.5,116.28,-0.672,-0.232,0.602,-0.095,0.072,-0.448,0.712,-0.06,-121.00000000000006
2026-08-01 08:00:00+00:00,-119.4,398.1,5.2,95.7,92.7,,85.4,0.2,4.5,98.1,10.0,5.6,4.1,3688.8,4139.0,446.2,92.1,84.9,121.13,-0.648,-0.376,0.599,-0.164,0.24,-0.468,0.622,-0.195,-390.00000000000017
2026-08-01 08:15:00+00:00,-259.4,398.1,5.2,95.4,92.3,,79.9,0.2,4.5,108.8,9.8,6.2,4.6,3835.5,4145.2,305.1,95.5,85.3,112.45,-0.64,-0.361,0.638,-0.164,0.037,-0.465,0.622,-0.334,-667.0
2026-08-01 08:30:00+00:00,-339.9,398.4,5.2,95.1,93.4,,80.7,0.2,4.5,108.4,10.9,5.1,7.2,3916.9,4155.0,230.9,97.3,85.5,112.23,-0.531,-0.32,0.59,-0.164,-0.079,-0.48,0.622,-0.362,-724.0
2026-08-01 08:45:00+00:00,-458.6,398.6,5.2,95.0,94.3,,81.4,0.2,4.5,112.6,12.0,5.1,10.6,4020.5,4191.3,160.3,99.0,85.8,89.47,-0.477,-0.284,0.606,-0.164,-0.262,-0.474,0.622,-0.433,-865.9999999999999
2026-08-01 09:00:00+00:00,-475.6,398.4,5.2,94.9,93.8,,82.5,0.2,4.5,112.6,11.0,6.2,14.3,4038.9,4157.4,104.2,100.4,85.8,90.28,-0.25,-0.444,0.493,-0.27,-0.055,-0.434,0.378,-0.582,-1164.0
2026-08-01 09:15:00+00:00,-590.6,398.4,5.2,94.9,93.6,,83.2,0.2,4.5,112.2,10.6,5.7,14.5,4121.8,4134.8,-1.6,102.9,86.0,74.02,-0.159,-0.515,0.464,-0.27,-0.047,-0.443,0.378,-0.592,-1184.0
2026-08-01 09:30:00+00:00,-527.6,398.6,5.2,92.2,94.2,,85.1,0.2,4.5,112.5,10.7,6.0,17.0,4150.9,4231.1,63.2,101.2,86.1,55.74,-0.107,-0.532,0.475,-0.27,-0.037,-0.434,0.378,-0.526,-1053.0
2026-08-01 09:45:00+00:00,-499.0,398.6,5.2,87.9,93.7,,79.4,0.2,4.5,112.1,11.7,10.1,24.0,4135.6,4255.1,95.5,100.4,86.1,28.79,-0.047,-0.51,0.477,-0.27,-0.065,-0.415,0.378,-0.453,-905.0
2026-08-01 10:00:00+00:00,-200.6,398.2,5.0,84.3,94.3,,39.4,0.2,4.5,111.8,12.1,6.0,24.4,4046.7,4274.1,203.0,97.8,86.6,35.75,0.144,-0.61,0.386,-0.377,0.127,-0.396,0.3,-0.426,-852.0
2026-08-01 10:15:00+00:00,-239.2,397.9,5.0,80.5,93.2,,35.0,0.2,4.5,111.9,11.1,7.1,29.9,4008.0,4320.0,282.1,95.9,86.6,22.54,0.246,-0.664,0.345,-0.377,0.243,-0.384,0.3,-0.29,-581.0000000000001
2026-08-01 10:30:00+00:00,-26.5,397.6,5.0,80.5,92.9,,34.7,0.2,4.5,111.9,10.6,10.0,34.5,3893.6,4355.6,427.6,92.6,86.3,14.96,0.411,-0.76,0.297,-0.377,0.44,-0.356,0.3,-0.044,-89.00000000000004
2026-08-01 10:45:00+00:00,-66.2,397.3,5.0,79.7,94.2,,36.7,0.2,4.5,112.8,9.8,9.1,33.5,3851.2,4338.4,453.7,91.9,86.1,13.11,0.465,-0.804,0.267,-0.377,0.519,-0.351,0.3,0.019,38.00000000000002
2026-08-01 11:00:00+00:00,26.8,396.9,5.0,79.1,93.6,,38.4,0.2,4.5,113.1,10.4,8.3,31.1,3839.4,4290.8,420.2,92.6,86.0,14.6,0.613,-0.851,0.216,-0.523,0.507,-0.322,0.146,-0.214,-428.00000000000006
2026-08-01 11:15:00+00:00,-25.3,396.6,5.0,78.9,94.2,,37.1,0.2,4.5,112.1,10.7,7.8,31.3,3799.1,4323.4,493.0,91.0,85.9,14.5,0.832,-0.923,0.139,-0.523,0.592,-0.267,0.146,-0.003,-7.000000000000142
2026-08-01 11:30:00+00:00,-38.8,396.3,5.0,79.1,92.4,,36.8,0.2,4.6,112.2,11.2,7.4,30.4,3763.0,4279.9,486.5,91.1,85.9,14.77,0.867,-0.993,0.118,-0.523,0.663,-0.287,0.146,-0.009,-17.999999999999982
2026-08-01 11:45:00+00:00,-55.7,396.1,5.0,79.1,92.7,,42.0,0.2,4.6,113.3,11.0,7.1,31.2,3764.7,4257.3,461.3,91.6,85.8,14.77,0.853,-1.048,0.081,-0.523,0.765,-0.293,0.146,-0.019,-38.00000000000011
2026-08-01 12:00:00+00:00,-2.0,395.8,5.0,79.4,92.8,,65.8,0.2,4.6,115.0,10.8,8.2,25.2,3686.4,4229.0,517.4,90.2,85.0,12.53,0.802,-1.03,0.113,-0.529,0.774,-0.323,0.103,-0.09,-180.0
2026-08-01 12:15:00+00:00,9.7,395.6,4.9,79.7,92.3,,76.9,0.2,4.6,115.0,11.2,8.4,21.7,3628.8,4159.3,508.8,90.3,84.6,12.52,0.831,-0.991,0.07,-0.529,0.809,-0.312,0.103,-0.02,-38.99999999999995
2026-08-01 12:30:00+00:00,80.5,395.4,5.0,79.4,92.6,,89.2,0.2,4.6,112.7,11.1,8.1,20.0,3611.3,4282.4,651.1,87.2,84.3,14.43,0.818,-0.888,0.086,-0.529,0.721,-0.284,0.103,0.028,54.999999999999865
2026-08-01 12:45:00+00:00,130.9,395.2,5.0,79.7,94.5,,89.2,0.2,4.6,111.9,11.8,8.5,27.6,3509.2,4302.8,766.0,84.6,84.0,25.3,0.815,-0.796,0.064,-0.529,0.657,-0.234,0.103,0.079,158.9999999999999
2026-08-01 13:00:00+00:00,352.4,395.3,5.0,79.3,95.3,,106.4,0.2,4.6,112.3,11.0,8.5,26.2,3370.9,4376.0,978.9,80.0,83.1,11.43,0.671,-0.599,0.151,-0.273,0.492,-0.24,0.156,0.358,716.0000000000001
2026-08-01 13:15:00+00:00,433.2,395.2,5.0,80.3,95.5,,120.9,0.2,4.6,106.8,11.2,8.3,26.7,3289.8,4398.5,1082.0,77.8,82.6,13.84,0.657,-0.56,0.124,-0.273,0.556,-0.217,0.156,0.443,886.0000000000001
2026-08-01 13:30:00+00:00,653.5,395.1,5.0,85.0,94.9,,128.0,0.2,4.6,107.2,10.1,7.9,24.2,3193.0,4540.8,1323.7,73.2,82.0,24.13,0.568,-0.499,0.135,-0.273,0.686,-0.214,0.156,0.559,1118.0
2026-08-01 13:45:00+00:00,792.0,394.9,5.0,90.1,94.6,,134.0,0.2,4.6,97.1,10.7,8.2,22.7,3060.3,4602.5,1519.5,69.5,81.5,61.64,0.58,-0.536,0.131,-0.273,0.89,-0.248,0.156,0.701,1400.9999999999998
2026-08-01 14:00:00+00:00,1037.5,395.0,5.0,92.8,95.2,,148.8,0.2,4.6,101.7,11.6,8.3,21.8,2950.5,4734.3,1762.0,65.3,80.6,24.57,0.5,-0.338,0.2,-0.11,0.754,-0.295,0.212,0.923,1846.0
2026-08-01 14:15:00+00:00,1258.6,394.9,5.0,93.2,94.9,,153.4,0.2,4.5,103.9,12.3,8.4,18.5,2735.6,4809.1,2055.0,59.7,79.3,70.38,0.58,-0.364,0.156,-0.11,0.996,-0.281,0.212,1.189,2378.0
2026-08-01 14:30:00+00:00,1497.6,395.0,5.0,93.3,106.4,,162.8,0.2,4.5,109.7,13.9,8.6,12.9,2610.0,4923.9,2301.0,55.7,77.9,130.26,0.659,-0.415,0.087,-0.11,1.235,-0.251,0.212,1.417,2834.0
2026-08-01 14:45:00+00:00,1820.8,396.5,5.0,93.5,121.4,,160.6,0.2,4.5,99.7,12.9,8.5,15.9,2422.0,5030.5,2592.6,50.9,76.6,154.08,0.863,-0.48,0.041,-0.11,1.457,-0.205,0.212,1.778,3556.0
2026-08-01 15:00:00+00:00,2010.0,396.4,4.9,94.2,133.5,,253.7,0.2,4.5,96.2,12.2,8.6,14.0,2151.9,5066.1,2900.2,45.1,72.1,105.61,0.922,-0.377,0.154,-0.127,1.203,-0.198,0.257,1.833,3667.0
2026-08-01 15:15:00+00:00,2355.9,395.4,4.9,94.1,148.8,,313.9,0.2,4.5,95.3,13.4,8.1,12.4,1939.7,5151.0,3198.8,40.3,68.4,130.4,1.134,-0.509,0.02,-0.127,1.578,-0.175,0.257,2.178,4356.0
2026-08-01 15:30:00+00:00,2705.1,394.3,4.9,94.4,164.5,,363.4,0.2,4.4,88.9,13.9,8.4,13.3,1750.3,5238.5,3475.0,36.0,65.0,166.41,1.129,-0.493,-0.023,-0.127,1.792,-0.147,0.257,2.387,4775.0
2026-08-01 15:45:00+00:00,2902.8,394.0,5.0,95.1,181.9,,468.5,0.2,4.4,74.2,13.4,8.5,14.5,1401.4,5328.1,3912.2,28.9,57.8,179.77,1.022,-0.464,0.04,-0.127,2.005,-0.165,0.257,2.568,5136.0
2026-08-01 16:00:00+00:00,3170.7,394.3,5.4,103.2,189.1,,499.8,0.2,4.5,71.2,13.3,8.5,18.6,1172.1,5451.8,4261.1,24.2,53.3,188.35,1.064,-0.448,-0.034,-0.06,2.281,-0.125,0.317,2.996,5991.0
2026-08-01 16:15:00+00:00,3251.2,394.5,5.7,105.3,187.1,,526.6,0.2,4.5,74.7,13.1,8.8,20.2,931.1,5500.0,4548.7,19.7,47.7,196.15,1.079,-0.417,-0.036,-0.06,2.416,-0.102,0.317,3.197,6394.0
2026-08-01 16:30:00+00:00,3420.6,394.4,5.6,110.3,188.0,,679.0,0.2,4.5,72.9,13.3,8.9,19.5,684.6,5540.3,4836.3,15.2,38.6,193.8,0.963,-0.295,0.011,-0.06,2.34,-0.07,0.317,3.206,6412.0
2026-08-01 16:45:00+00:00,3602.9,394.8,5.6,111.2,189.4,,756.1,0.2,4.5,52.8,15.0,8.8,15.8,504.8,5547.9,5027.3,11.9,32.1,238.97,0.992,-0.26,-0.012,-0.06,2.375,-0.031,0.317,3.321,6642.0
2026-08-01 17:00:00+00:00,3759.4,395.0,5.6,113.9,189.3,,838.6,0.2,4.5,39.9,14.9,8.5,14.2,336.8,5587.2,5236.2,8.8,25.2,184.69,0.949,-0.224,0.033,0.007,2.537,-0.023,0.244,3.523,7045.999999999999
2026-08-01 17:15:00+00:00,3850.1,394.9,5.6,116.4,189.4,,857.2,0.2,4.5,24.9,13.3,7.2,15.3,212.4,5621.1,5393.4,6.6,20.2,189.78,1.001,-0.258,0.036,0.007,2.693,-0.027,0.244,3.697,7393.0
2026-08-01 17:30:00+00:00,4007.7,395.2,5.6,116.4,190.0,,824.4,0.2,4.5,24.5,12.5,11.1,18.7,126.4,5605.0,5459.9,5.2,16.8,209.72,1.027,-0.266,0.019,0.007,2.738,0.001,0.244,3.77,7539.999999999999
2026-08-01 17:45:00+00:00,4037.3,394.9,5.6,120.0,190.3,,815.6,0.2,4.5,24.7,12.3,9.4,19.6,59.0,5565.5,5487.0,4.1,13.6,212.34,1.047,-0.237,-0.002,0.007,2.698,0.033,0.244,3.789,7579.000000000001
2026-08-01 18:00:00+00:00,3909.8,395.2,6.6,124.9,190.8,,827.4,0.2,4.5,42.2,11.9,11.7,25.8,29.9,5556.9,5501.2,3.8,12.5,195.35,0.944,-0.196,0.048,0.033,2.609,0.032,0.323,3.794,7587.0
2026-08-01 18:15:00+00:00,3783.6,395.3,6.6,125.4,191.8,,947.1,0.2,4.5,46.2,12.2,11.0,28.7,19.6,5512.4,5464.1,3.7,11.3,204.37,0.85,-0.212,0.071,0.033,2.554,-0.008,0.323,3.612,7223.0
2026-08-01 18:30:00+00:00,3722.1,395.2,6.6,125.6,191.3,,1030.2,0.2,4.5,46.3,13.6,7.9,30.5,14.8,5480.8,5435.5,3.6,10.7,202.32,0.809,-0.224,0.074,0.033,2.564,-0.024,0.323,3.557,7112.0
2026-08-01 18:45:00+00:00,3634.9,395.4,6.6,125.5,190.7,,1034.4,0.2,4.5,46.4,14.7,7.9,29.1,5.7,5464.9,5430.0,3.5,10.2,202.48,0.821,-0.221,0.077,0.033,2.498,-0.016,0.323,3.515,7030.0
2026-08-01 19:00:00+00:00,3565.6,395.5,6.6,127.9,190.6,,984.0,0.2,4.5,40.4,14.4,7.7,28.0,16.2,5283.8,5239.6,3.8,11.1,209.86,0.735,-0.239,0.041,0.06,2.339,-0.047,0.613,3.503,7005.0
2026-08-01 19:15:00+00:00,3596.1,395.6,6.5,134.0,192.0,,983.0,0.2,4.5,41.6,14.3,7.4,34.5,16.7,5330.9,5279.6,4.0,11.7,206.3,0.685,-0.208,0.058,0.06,2.303,-0.049,0.613,3.463,6925.000000000001
2026-08-01 19:30:00+00:00,3484.0,395.3,6.5,133.7,189.8,,978.1,0.2,4.5,41.4,14.4,7.9,42.0,14.5,5301.4,5244.9,4.1,12.0,182.41,0.612,-0.195,0.08,0.06,2.281,-0.075,0.613,3.376,6752.0
2026-08-01 19:45:00+00:00,3386.1,395.5,6.6,133.2,187.9,,955.0,0.2,4.5,39.2,14.3,8.3,50.0,9.5,5182.1,5122.5,4.3,12.3,173.85,0.583,-0.215,0.061,0.06,2.287,-0.096,0.613,3.294,6587.0
2026-08-01 20:00:00+00:00,3412.3,395.8,6.6,135.3,189.8,,936.7,0.2,4.5,40.6,14.6,7.9,43.5,14.0,5111.9,5054.4,4.4,12.4,190.2,0.625,-0.295,-0.034,0.076,2.365,-0.113,0.73,3.354,6708.0
2026-08-01 20:15:00+00:00,3381.9,395.9,6.6,135.5,190.1,,924.2,0.2,4.5,40.4,14.7,8.3,41.6,13.3,5140.8,5085.9,4.3,12.4,179.69,0.715,-0.322,-0.124,0.076,2.37,-0.116,0.73,3.329,6657.999999999999
2026-08-01 20:30:00+00:00,3348.6,396.0,6.6,135.5,191.6,,901.0,0.2,4.5,39.6,14.8,8.7,36.7,0.3,5033.8,4996.7,4.0,11.7,175.2,0.758,-0.348,-0.114,0.076,2.299,-0.149,0.73,3.252,6504.0
2026-08-01 20:45:00+00:00,3231.7,395.9,6.6,134.3,187.2,,883.8,0.2,4.5,38.9,14.8,8.1,33.5,0.2,4981.0,4947.2,4.0,11.6,169.1,0.779,-0.385,-0.12,0.076,2.3,-0.173,0.73,3.207,6414.0
2026-08-01 21:00:00+00:00,3455.9,396.2,6.6,134.5,182.5,,882.6,0.2,4.5,24.0,14.8,8.1,30.3,0.3,5009.8,4979.2,3.9,11.6,172.11,0.743,-0.307,-0.064,0.135,2.206,-0.179,0.698,3.231,6463.0
2026-08-01 21:15:00+00:00,3285.8,396.6,6.6,134.7,175.0,,895.1,0.2,4.5,22.6,14.4,8.9,26.4,0.0,4937.4,4911.0,3.9,11.4,171.94,0.711,-0.329,-0.059,0.135,2.218,-0.195,0.698,3.178,6357.0
2026-08-01 21:30:00+00:00,3235.2,397.7,6.6,135.5,161.2,,829.2,0.2,4.5,22.5,14.0,8.1,25.6,0.1,4858.6,4833.0,3.9,11.9,171.23,0.741,-0.298,-0.082,0.135,2.245,-0.175,0.698,3.264,6528.000000000001
2026-08-01 21:45:00+00:00,3063.2,398.8,6.6,137.5,147.9,,857.1,0.2,4.5,22.5,14.2,8.3,30.1,0.1,4742.3,4712.2,4.2,12.1,164.72,0.672,-0.283,-0.076,0.135,2.2,-0.207,0.698,3.138,6277.0
