time,generation_cross_border_electricity_trading_mw,generation_nuclear_mw,generation_hydro_run_of_river_mw,generation_biomass_mw,generation_fossil_brown_coal_lignite_mw,generation_fossil_hard_coal_mw,generation_fossil_oil_mw,generation_fossil_gas_mw,generation_geothermal_mw,generation_hydro_water_reservoir_mw,generation_others_mw,generation_other_renewables_mw,generation_waste_mw,wind_onshore_generation_mw,solar_generation_mw,load_mw,residual_load_mw,renewable_share_of_load_pct,renewable_share_of_generation_pct,day_ahead_price_eur_mwh,flow_austria_gw,flow_croatia_gw,flow_romania_gw,flow_serbia_gw,flow_slovakia_gw,flow_slovenia_gw,flow_ukraine_gw,flow_sum_gw,net_import_mw
2026-07-26 22:00:00+00:00,1879.1,1853.1,5.3,119.7,116.8,0.0,0.0,125.4,0.2,4.6,21.9,15.5,5.5,24.8,3.0,4187.8,4160.0,4.2,7.7,131.17,0.284,-0.789,-0.094,-0.17,2.371,-0.355,0.607,1.853,3707.0
2026-07-26 22:15:00+00:00,1740.2,1852.3,5.2,130.3,116.5,0.0,0.0,119.2,0.2,4.6,20.7,16.6,5.1,24.7,1.1,4099.3,4073.5,4.5,8.1,111.54,0.328,-0.814,-0.117,-0.17,2.301,-0.338,0.607,1.796,3593.0
2026-07-26 22:30:00+00:00,1674.1,1852.5,5.2,132.2,117.2,0.0,0.0,115.0,0.2,4.6,20.6,16.5,5.2,30.3,1.5,4014.4,3982.5,4.8,8.4,112.37,0.297,-0.816,-0.136,-0.17,2.252,-0.327,0.607,1.706,3413.0
2026-07-26 22:45:00+00:00,1635.1,1854.0,5.2,132.2,116.4,0.0,0.0,107.5,0.2,4.6,21.0,15.5,5.8,30.4,1.5,3939.4,3907.5,4.9,8.4,103.63,0.276,-0.836,-0.113,-0.17,2.203,-0.356,0.607,1.61,3221.0
2026-07-26 23:00:00+00:00,1472.0,1853.9,5.2,132.1,116.8,0.0,0.0,113.4,0.2,4.6,30.0,16.0,6.1,28.8,0.3,3839.5,3810.4,5.0,8.2,116.99,0.223,-0.869,-0.112,-0.202,2.23,-0.395,0.576,1.449,2900.0000000000005
2026-07-26 23:15:00+00:00,1448.1,1853.5,5.2,131.5,116.9,0.0,0.0,111.2,0.2,4.6,28.3,16.3,5.7,26.0,0.9,3760.7,3733.9,5.0,8.2,101.36,0.255,-0.871,-0.121,-0.202,2.145,-0.386,0.576,1.396,2792.0
2026-07-26 23:30:00+00:00,1506.7,1854.1,5.2,131.5,107.7,0.0,0.0,103.0,0.2,4.6,21.6,15.3,6.1,27.8,0.3,3786.4,3758.3,5.0,8.3,84.62,0.405,-0.932,-0.246,-0.202,2.255,-0.352,0.576,1.503,3006.9999999999995
2026-07-26 23:45:00+00:00,1460.0,1854.1,5.2,132.2,101.3,0.0,0.0,109.8,0.2,4.6,27.9,15.6,6.1,25.7,0.2,3739.3,3713.4,5.0,8.2,69.23,0.355,-0.957,-0.169,-0.202,2.291,-0.382,0.576,1.512,3024.0
2026-07-27 00:00:00+00:00,1381.6,1853.4,5.2,132.4,92.3,0.0,0.0,112.1,0.2,4.6,23.3,16.3,5.7,26.1,0.7,3680.6,3653.8,5.1,8.3,95.32,0.29,-0.876,-0.125,-0.185,2.131,-0.386,0.532,1.38,2760.9999999999995
2026-07-27 00:15:00+00:00,1391.3,1853.5,5.2,132.3,91.2,0.0,0.0,111.6,0.2,4.6,20.6,16.4,6.5,29.8,0.2,3658.5,3628.5,5.2,8.4,72.2,0.29,-0.871,-0.129,-0.185,2.116,-0.371,0.532,1.382,2764.0000000000005
2026-07-27 00:30:00+00:00,1374.4,1853.2,5.2,132.2,91.9,0.0,0.0,113.5,0.2,4.6,21.4,16.1,5.5,28.1,0.2,3628.6,3600.2,5.2,8.3,83.65,0.231,-0.878,-0.12,-0.185,2.133,-0.381,0.532,1.332,2664.0
2026-07-27 00:45:00+00:00,1286.8,1852.9,5.2,132.2,91.5,0.0,0.0,118.8,0.2,4.6,26.7,16.4,6.2,26.6,0.5,3618.6,3591.5,5.2,8.3,72.88,0.211,-0.878,-0.159,-0.185,2.173,-0.378,0.532,1.316,2631.9999999999995
2026-07-27 01:00:00+00:00,1310.1,1852.9,5.2,132.3,92.1,0.0,0.0,118.4,0.2,4.6,26.9,16.1,5.9,27.4,0.5,3629.3,3601.4,5.2,8.3,85.0,0.219,-0.953,-0.179,-0.255,2.295,-0.4,0.51,1.237,2473.9999999999995
2026-07-27 01:15:00+00:00,1369.2,1852.0,5.1,132.3,91.7,0.0,0.0,114.7,0.2,4.6,21.7,14.6,5.9,28.7,0.2,3635.0,3606.1,5.2,8.3,72.98,0.264,-1.025,-0.219,-0.255,2.448,-0.397,0.51,1.326,2652.0
2026-07-27 01:30:00+00:00,1304.2,1851.6,5.2,132.4,91.6,0.0,0.0,109.8,0.2,4.6,21.0,15.5,6.1,32.0,0.1,3653.4,3621.2,5.3,8.5,75.99,0.342,-1.046,-0.249,-0.255,2.467,-0.382,0.51,1.388,2775.0
2026-07-27 01:45:00+00:00,1347.5,1851.7,5.2,132.4,91.2,0.0,0.0,110.6,0.2,4.6,21.2,16.0,6.0,36.9,0.1,3671.7,3634.6,5.4,8.7,74.03,0.391,-1.108,-0.26,-0.255,2.553,-0.389,0.51,1.442,2883.9999999999995
2026-07-27 02:00:00+00:00,1460.7,1852.3,5.2,132.3,91.2,0.0,0.0,105.2,0.2,4.6,21.2,15.1,6.0,48.8,0.2,3730.5,3681.5,5.6,9.2,70.08,0.405,-1.101,-0.238,-0.284,2.568,-0.392,0.496,1.453,2907.0
2026-07-27 02:15:00+00:00,1542.2,1851.5,5.2,132.2,91.2,0.0,0.0,109.4,0.2,4.6,20.7,16.1,6.3,43.4,0.1,3769.7,3726.2,5.4,9.0,71.72,0.423,-1.064,-0.211,-0.284,2.492,-0.402,0.496,1.449,2899.0
2026-07-27 02:30:00+00:00,1484.5,1851.1,5.2,132.2,91.7,0.0,0.0,109.2,0.2,4.6,22.5,16.2,5.9,38.6,0.2,3796.9,3758.1,5.3,8.8,72.28,0.48,-1.1,-0.223,-0.284,2.55,-0.401,0.496,1.517,3034.9999999999995
2026-07-27 02:45:00+00:00,1551.3,1851.5,5.1,132.3,90.9,0.0,0.0,112.0,0.2,4.6,22.5,16.2,6.2,42.0,0.1,3844.0,3801.9,5.3,8.9,91.95,0.424,-1.082,-0.212,-0.284,2.594,-0.396,0.496,1.539,3078.9999999999995
2026-07-27 03:00:00+00:00,1542.5,1851.1,6.1,132.4,95.7,0.0,0.0,115.1,0.2,4.7,30.2,16.3,6.0,48.9,0.4,3900.6,3851.3,5.4,9.2,73.02,0.486,-1.042,-0.243,-0.234,2.537,-0.324,0.44,1.62,3239.9999999999995
2026-07-27 03:15:00+00:00,1478.3,1850.1,6.1,132.3,104.9,0.0,0.0,131.3,0.2,4.8,35.1,15.8,6.7,48.2,9.3,3891.9,3834.4,5.7,9.4,117.14,0.411,-1.01,-0.241,-0.234,2.519,-0.351,0.44,1.534,3068.0
2026-07-27 03:30:00+00:00,1493.8,1849.9,6.1,132.5,115.2,0.0,0.0,129.9,0.2,4.8,30.5,15.7,6.2,44.2,45.2,3932.5,3843.1,6.4,10.6,125.97,0.39,-0.964,-0.227,-0.234,2.469,-0.366,0.44,1.509,3017.0
2026-07-27 03:45:00+00:00,1561.9,1850.7,6.1,132.6,117.8,0.0,0.0,126.8,0.2,4.8,34.7,15.9,6.2,45.8,112.3,4039.4,3881.3,7.9,13.1,139.23,0.404,-0.949,-0.191,-0.234,2.432,-0.371,0.44,1.532,3062.9999999999995
2026-07-27 04:00:00+00:00,1770.2,1852.5,7.2,132.5,120.5,0.0,0.0,112.5,0.2,4.7,23.9,14.8,6.7,67.5,192.3,4197.5,3937.7,10.1,16.7,104.65,0.462,-0.797,-0.066,-0.113,2.047,-0.325,0.56,1.768,3536.0000000000005
2026-07-27 04:15:00+00:00,1913.8,1851.7,7.3,132.2,127.7,0.0,0.0,108.7,0.2,4.7,22.8,14.9,6.2,84.8,289.8,4403.7,4029.1,12.2,20.3,118.87,0.549,-0.747,-0.033,-0.113,1.934,-0.316,0.56,1.834,3668.0
2026-07-27 04:30:00+00:00,1971.4,1852.0,7.3,132.2,128.0,0.0,0.0,109.2,0.2,4.7,30.4,14.6,6.2,88.6,406.6,4504.1,4008.9,14.6,23.6,126.69,0.495,-0.692,0.013,-0.113,1.812,-0.341,0.56,1.734,3468.0
2026-07-27 04:45:00+00:00,1979.7,1852.2,7.3,132.4,130.4,0.0,0.0,116.4,0.2,4.7,24.0,14.5,5.7,69.3,538.9,4541.6,3933.4,17.0,26.6,134.57,0.436,-0.668,0.023,-0.113,1.718,-0.36,0.56,1.596,3192.0
2026-07-27 05:00:00+00:00,1748.9,1852.2,7.3,132.8,126.9,0.0,0.0,117.7,0.2,4.7,24.2,13.6,5.5,56.1,686.1,4557.7,3815.5,19.8,29.8,136.04,0.359,-0.624,0.091,-0.099,1.533,-0.378,0.632,1.515,3029.0
2026-07-27 05:15:00+00:00,1596.4,1851.5,7.3,132.6,132.2,0.0,0.0,116.6,0.2,4.7,26.9,13.6,6.2,59.4,897.5,4530.6,3573.7,24.7,34.4,133.5,0.306,-0.68,0.104,-0.099,1.496,-0.405,0.632,1.355,2708.9999999999995
2026-07-27 05:30:00+00:00,1364.4,1850.5,7.3,132.7,131.2,0.0,0.0,112.2,0.2,4.7,31.0,13.3,5.6,72.4,1099.9,4569.1,3396.8,29.2,38.5,126.09,0.272,-0.721,0.151,-0.099,1.417,-0.445,0.632,1.208,2415.0
2026-07-27 05:45:00+00:00,1072.8,1850.8,7.3,132.7,133.4,0.0,0.0,114.7,0.2,4.7,37.2,13.6,5.8,90.3,1206.2,4544.6,3248.1,32.1,40.5,123.78,0.355,-0.805,0.154,-0.099,1.375,-0.515,0.632,1.098,2195.0000000000005
2026-07-27 06:00:00+00:00,908.8,1849.6,5.3,133.2,135.2,0.0,0.0,119.4,0.2,4.7,43.2,14.0,5.5,103.7,1446.6,4582.7,3032.4,37.3,44.3,150.8,0.244,-0.761,0.192,-0.176,1.201,-0.541,0.666,0.825,1650.0
2026-07-27 06:15:00+00:00,717.3,1848.6,5.1,130.9,131.4,0.0,0.0,117.5,0.2,4.7,47.3,15.0,5.5,96.7,1634.0,4571.0,2840.4,41.3,46.8,132.48,0.222,-0.828,0.175,-0.176,1.221,-0.548,0.666,0.732,1464.0
2026-07-27 06:30:00+00:00,557.5,1846.7,5.1,124.1,125.3,0.0,0.0,111.4,0.2,4.7,53.4,15.0,6.3,98.7,1768.7,4523.9,2656.4,44.6,48.6,112.06,0.148,-0.817,0.211,-0.176,1.098,-0.579,0.666,0.552,1103.0000000000002
2026-07-27 06:45:00+00:00,533.1,1846.6,5.1,114.1,117.9,0.0,0.0,111.6,0.2,4.7,57.7,13.7,5.4,103.2,1892.4,4571.6,2576.0,46.7,50.0,91.88,0.009,-0.768,0.305,-0.176,0.908,-0.621,0.666,0.323,646.0000000000001
2026-07-27 07:00:00+00:00,288.1,1844.0,5.1,105.6,111.2,0.0,0.0,104.7,0.2,4.7,65.4,14.0,2.2,119.5,2080.7,4505.5,2305.3,51.7,52.3,108.13,0.115,-0.911,0.196,-0.217,1.093,-0.636,0.533,0.174,346.99999999999994
2026-07-27 07:15:00+00:00,222.3,1847.7,5.1,104.0,114.4,0.0,0.0,100.0,0.2,4.7,66.1,13.7,5.0,127.5,2080.6,4439.7,2231.7,52.7,52.3,87.45,0.154,-0.891,0.23,-0.217,0.963,-0.646,0.533,0.126,252.0
2026-07-27 07:30:00+00:00,97.0,1845.9,5.1,104.1,114.8,0.0,0.0,105.2,0.2,4.7,68.4,13.6,5.3,145.1,2165.7,4401.4,2090.6,55.5,53.3,72.2,0.059,-0.813,0.278,-0.217,0.802,-0.665,0.533,-0.024,-46.99999999999991
2026-07-27 07:45:00+00:00,-44.9,1846.4,5.1,104.3,111.8,0.0,0.0,106.1,0.2,4.7,71.6,13.7,5.3,151.7,2383.3,4440.1,1905.1,60.0,55.5,32.26,0.025,-0.802,0.289,-0.217,0.69,-0.667,0.533,-0.15,-299.00000000000017
2026-07-27 08:00:00+00:00,-177.3,1849.0,5.1,103.6,108.5,0.0,0.0,99.3,0.2,4.6,76.4,14.0,5.5,162.1,2570.8,4485.9,1753.0,63.8,57.3,73.33,0.086,-0.786,0.172,-0.208,0.67,-0.641,0.303,-0.404,-808.0
2026-07-27 08:15:00+00:00,-363.2,1848.9,5.0,103.7,109.2,0.0,0.0,97.3,0.2,4.6,77.7,13.5,5.8,153.7,2667.3,4511.2,1690.3,65.4,58.0,26.33,0.145,-0.816,0.077,-0.208,0.703,-0.621,0.303,-0.418,-835.0
2026-07-27 08:30:00+00:00,-530.4,1850.4,5.1,103.5,108.5,0.0,0.0,104.9,0.2,4.6,80.0,13.8,5.0,149.5,2781.7,4447.3,1516.0,68.8,58.8,20.41,0.077,-0.855,0.129,-0.208,0.619,-0.631,0.303,-0.566,-1132.0000000000002
2026-07-27 08:45:00+00:00,-805.1,1850.6,5.1,103.5,109.0,0.0,0.0,102.7,0.2,4.6,80.2,13.8,4.9,137.0,2960.9,4323.4,1225.5,74.7,60.1,18.08,0.147,-0.938,0.018,-0.208,0.604,-0.598,0.303,-0.673,-1345.0
2026-07-27 09:00:00+00:00,-948.8,1852.0,5.1,103.4,107.4,0.0,0.0,98.0,0.2,4.6,81.1,13.4,5.4,154.4,3034.3,4181.5,992.8,79.4,60.8,50.58,0.107,-0.996,0.013,-0.351,0.626,-0.605,0.116,-1.089,-2179.0
2026-07-27 09:15:00+00:00,-1032.4,1851.8,5.1,103.4,106.8,0.0,0.0,96.6,0.2,4.6,90.5,13.3,5.2,165.1,3065.5,4127.6,897.0,81.4,61.0,45.33,0.055,-1.011,0.015,-0.351,0.611,-0.582,0.116,-1.146,-2292.9999999999995
2026-07-27 09:30:00+00:00,-1061.8,1852.1,5.1,103.5,107.6,0.0,0.0,97.2,0.2,4.6,86.7,13.2,4.8,145.0,3068.0,4124.0,910.9,81.0,60.9,33.79,0.127,-1.026,0.024,-0.351,0.545,-0.577,0.116,-1.14,-2282.0
2026-07-27 09:45:00+00:00,-956.2,1852.9,5.1,103.5,108.6,0.0,0.0,99.1,0.2,4.6,86.2,13.1,4.9,138.1,3113.3,4185.7,934.3,80.8,61.1,15.99,0.269,-1.129,0.002,-0.351,0.665,-0.582,0.116,-1.009,-2018.9999999999998
2026-07-27 10:00:00+00:00,-857.6,1852.3,5.1,103.6,109.6,0.0,0.0,83.7,0.2,4.6,96.4,12.7,5.0,134.1,3005.5,4228.6,1089.0,77.3,60.4,31.41,0.175,-1.117,0.04,-0.432,0.803,-0.585,0.085,-1.032,-2062.9999999999995
2026-07-27 10:15:00+00:00,-1015.8,1853.1,5.1,103.6,107.1,0.0,0.0,90.7,0.2,4.6,88.9,13.4,4.9,144.8,2996.9,4187.6,1045.9,78.1,60.4,29.9,0.274,-1.221,0.019,-0.432,0.86,-0.604,0.085,-1.019,-2038.0000000000002
2026-07-27 10:30:00+00:00,-1069.0,1853.0,5.1,102.4,102.6,0.0,2.2,160.5,0.2,4.6,89.9,14.1,4.0,153.2,2884.2,4118.8,1081.4,76.9,58.9,28.13,0.267,-1.285,0.021,-0.432,0.954,-0.642,0.085,-1.032,-2064.0
2026-07-27 10:45:00+00:00,-954.0,1852.3,5.1,102.2,104.6,0.0,0.0,144.9,0.2,4.6,102.6,12.8,4.9,153.2,2907.6,4231.2,1170.5,75.3,59.1,25.39,0.253,-1.308,0.03,-0.432,1.021,-0.642,0.085,-0.994,-1987.0000000000002
2026-07-27 11:00:00+00:00,-710.9,1852.7,5.1,102.4,105.7,0.0,0.0,103.2,0.2,4.6,94.5,13.7,5.1,155.1,2896.5,4365.5,1313.9,72.8,59.6,28.51,0.333,-1.301,0.019,-0.491,1.166,-0.631,0.135,-0.768,-1538.0
2026-07-27 11:15:00+00:00,-605.9,1852.2,5.1,102.3,105.9,0.0,0.0,100.6,0.2,4.6,103.4,12.7,5.1,162.4,2851.9,4472.8,1458.4,70.2,59.2,25.24,0.404,-1.322,-0.012,-0.491,1.248,-0.628,0.135,-0.664,-1330.0
2026-07-27 11:30:00+00:00,-687.1,1852.1,5.1,102.3,104.4,0.0,0.9,122.0,0.2,4.6,112.8,12.4,5.1,164.5,2781.6,4570.1,1624.0,67.2,58.3,18.74,0.39,-1.289,0.005,-0.491,1.283,-0.636,0.135,-0.601,-1203.9999999999998
2026-07-27 11:45:00+00:00,-450.9,1850.3,5.1,102.5,102.6,0.0,1.3,177.5,0.2,4.6,109.9,12.8,4.6,147.4,2781.2,4582.8,1654.2,66.7,57.7,11.8,0.571,-1.369,-0.107,-0.491,1.361,-0.604,0.135,-0.503,-1006.9999999999999
2026-07-27 12:00:00+00:00,-348.5,1850.7,5.1,102.3,102.3,0.0,0.0,97.2,0.2,4.6,94.9,12.8,5.0,141.3,2793.0,4673.2,1738.9,65.5,58.8,9.01,0.797,-1.408,-0.195,-0.583,1.44,-0.569,0.085,-0.434,-866.9999999999998
2026-07-27 12:15:00+00:00,-418.0,1850.1,5.1,102.2,101.5,0.0,0.0,99.5,0.2,4.6,81.2,12.8,5.5,149.8,2821.7,4637.6,1666.1,66.8,59.2,11.65,0.867,-1.48,-0.19,-0.583,1.462,-0.622,0.085,-0.462,-922.9999999999999
2026-07-27 12:30:00+00:00,-339.9,1851.1,5.1,102.3,103.2,0.0,0.0,99.4,0.2,4.6,76.5,12.8,4.8,147.8,2762.2,4651.7,1741.8,65.3,58.8,11.15,0.948,-1.521,-0.221,-0.583,1.59,-0.638,0.085,-0.341,-680.9999999999998
2026-07-27 12:45:00+00:00,-274.6,1850.0,5.1,102.1,102.6,0.0,0.0,94.5,0.2,4.6,72.0,13.0,5.4,127.3,2693.7,4574.3,1753.3,64.5,58.2,12.01,1.002,-1.48,-0.251,-0.583,1.581,-0.629,0.085,-0.276,-550.9999999999999
2026-07-27 13:00:00+00:00,144.7,1850.2,5.1,102.2,102.0,0.0,0.0,96.7,0.2,4.6,66.9,12.9,5.2,109.6,2599.8,4656.3,1946.9,60.9,57.3,8.0,1.049,-1.379,-0.27,-0.5,1.566,-0.604,0.073,-0.066,-131.0
2026-07-27 13:15:00+00:00,87.1,1849.7,5.1,104.5,101.1,0.0,0.0,98.5,0.2,4.6,56.0,11.6,4.9,114.0,2507.5,4578.3,1956.8,60.1,56.6,10.25,1.096,-1.406,-0.304,-0.5,1.578,-0.582,0.073,-0.046,-90.99999999999977
2026-07-27 13:30:00+00:00,310.8,1850.1,5.1,109.6,101.7,0.0,0.0,99.3,0.2,4.6,51.7,11.9,4.8,125.9,2436.0,4631.1,2069.2,58.2,56.1,11.28,1.064,-1.379,-0.266,-0.5,1.601,-0.578,0.073,0.014,29.000000000000053
2026-07-27 13:45:00+00:00,390.7,1849.5,5.1,114.6,103.2,0.0,0.0,95.1,0.2,4.6,43.5,11.8,5.6,131.9,2069.5,4578.1,2376.8,51.1,52.8,12.31,1.033,-1.272,-0.157,-0.5,1.55,-0.56,0.073,0.166,332.99999999999983
2026-07-27 14:00:00+00:00,401.3,1849.3,5.1,117.7,101.8,0.0,0.0,98.9,0.2,4.6,36.1,11.9,5.7,131.5,1934.6,4539.3,2473.2,48.7,51.4,8.58,0.984,-1.148,-0.103,-0.333,1.454,-0.586,0.112,0.381,761.0000000000001
2026-07-27 14:15:00+00:00,452.6,1849.1,5.2,117.2,102.2,0.0,0.0,97.5,0.2,4.6,29.1,13.1,5.8,156.1,1797.4,4452.0,2498.4,47.1,50.2,33.44,0.967,-1.062,-0.107,-0.333,1.361,-0.574,0.112,0.364,727.9999999999999
2026-07-27 14:30:00+00:00,687.5,1848.8,5.3,116.8,100.9,0.0,0.0,96.5,0.2,4.6,24.3,13.1,4.5,181.6,1571.8,4472.0,2718.6,42.4,47.8,31.57,1.029,-1.154,-0.168,-0.333,1.679,-0.561,0.112,0.604,1207.9999999999998
2026-07-27 14:45:00+00:00,727.7,1845.2,5.4,117.2,101.9,0.0,0.0,99.7,0.2,4.6,41.8,14.3,4.5,193.9,1605.7,4513.7,2714.1,43.1,48.2,118.9,1.049,-1.223,-0.222,-0.333,1.843,-0.555,0.112,0.671,1341.9999999999998
2026-07-27 15:00:00+00:00,916.8,1843.8,5.8,116.8,101.4,0.0,0.0,95.9,0.2,4.6,23.3,15.0,4.3,168.5,1493.2,4586.3,2924.6,39.4,46.6,10.28,1.069,-1.124,-0.279,-0.304,1.92,-0.507,0.022,0.797,1593.9999999999998
2026-07-27 15:15:00+00:00,1192.7,1845.1,5.8,117.8,109.2,0.0,0.0,102.1,0.2,4.6,26.7,14.7,4.7,200.9,1317.7,4647.3,3128.8,35.8,44.4,104.84,1.1,-1.065,-0.28,-0.304,1.918,-0.482,0.022,0.909,1818.0
2026-07-27 15:30:00+00:00,1312.3,1844.8,5.8,121.7,121.3,0.0,0.0,103.0,0.2,4.6,24.6,14.3,4.4,191.3,1236.3,4781.9,3354.4,33.0,42.9,151.43,1.258,-1.186,-0.367,-0.304,2.231,-0.456,0.022,1.199,2397.0000000000005
2026-07-27 15:45:00+00:00,1378.6,1843.8,5.7,126.3,131.2,0.0,0.0,121.4,0.2,4.6,29.1,13.9,4.5,195.0,1245.5,4857.0,3416.6,32.8,42.8,191.35,1.239,-1.224,-0.332,-0.304,2.258,-0.483,0.022,1.176,2352.0
2026-07-27 16:00:00+00:00,1592.3,1842.2,5.6,131.3,143.1,0.0,0.0,131.4,0.2,4.6,38.3,15.0,4.5,196.3,1099.0,4942.8,3647.6,29.4,40.3,131.37,1.261,-1.093,-0.246,-0.192,2.097,-0.43,0.145,1.541,3083.0
2026-07-27 16:15:00+00:00,1782.9,1842.4,5.6,131.6,160.3,0.0,0.0,127.5,0.2,4.6,31.1,15.1,4.8,205.4,819.1,5029.1,4004.7,23.5,35.4,135.84,1.301,-1.01,-0.218,-0.192,2.137,-0.405,0.145,1.758,3516.0
2026-07-27 16:30:00+00:00,1968.3,1842.0,5.6,131.8,171.3,0.0,0.0,139.4,0.2,4.6,42.9,14.0,5.0,207.8,659.7,5102.2,4234.6,20.1,31.8,148.16,1.236,-0.959,-0.175,-0.192,2.225,-0.412,0.145,1.868,3736.0000000000005
2026-07-27 16:45:00+00:00,2114.4,1844.0,5.6,131.8,180.4,0.0,0.0,143.8,0.2,4.6,38.2,15.4,6.0,213.3,454.7,5082.5,4414.5,16.3,27.3,160.7,0.939,-0.765,0.001,-0.192,2.028,-0.475,0.145,1.681,3362.0
2026-07-27 17:00:00+00:00,2444.4,1842.4,5.7,131.9,184.3,0.0,0.0,154.4,0.2,4.5,49.2,16.4,5.4,200.4,326.4,5202.6,4675.8,13.2,23.6,121.27,0.979,-0.72,-0.051,0.03,2.127,-0.411,0.43,2.385,4769.0
2026-07-27 17:15:00+00:00,2524.4,1842.3,5.7,131.8,183.8,0.0,0.0,161.4,0.2,4.5,49.9,16.4,5.7,189.5,231.9,5239.4,4818.1,11.1,20.6,152.16,0.897,-0.62,0.012,0.03,2.039,-0.415,0.43,2.374,4747.0
2026-07-27 17:30:00+00:00,2451.7,1845.5,5.8,131.8,182.8,0.0,0.0,171.8,0.2,4.5,49.7,15.2,6.6,172.2,143.1,5143.4,4828.1,9.3,17.4,162.34,0.777,-0.547,0.083,0.03,1.882,-0.435,0.43,2.22,4439.999999999999
2026-07-27 17:45:00+00:00,2490.7,1845.6,5.7,131.9,182.0,0.0,0.0,175.6,0.2,4.5,41.2,15.4,7.0,173.4,74.9,5113.4,4865.1,8.0,15.4,181.78,0.768,-0.536,0.046,0.03,1.939,-0.365,0.43,2.311,4622.999999999999
2026-07-27 18:00:00+00:00,2673.3,1847.0,7.0,132.0,184.8,0.0,0.0,177.4,0.2,4.5,28.8,16.4,6.5,173.6,40.8,5188.7,4974.3,7.3,14.4,156.26,0.611,-0.542,0.093,0.057,2.119,-0.371,0.518,2.485,4970.000000000001
2026-07-27 18:15:00+00:00,2517.7,1847.2,7.0,131.8,184.4,0.0,0.0,260.5,0.2,4.6,25.7,15.8,6.5,158.1,20.0,5130.5,4952.4,6.6,12.8,173.09,0.54,-0.52,0.106,0.057,2.025,-0.369,0.518,2.357,4714.0
2026-07-27 18:30:00+00:00,2551.6,1846.5,6.9,131.6,185.9,0.0,0.0,264.4,0.2,4.6,28.7,16.2,7.1,125.4,16.6,5109.9,4967.9,6.0,11.6,180.95,0.569,-0.502,0.113,0.057,1.999,-0.33,0.518,2.423,4847.0
2026-07-27 18:45:00+00:00,2530.2,1846.5,6.9,131.5,185.9,0.0,0.0,247.5,0.2,4.6,25.8,15.9,6.6,85.5,16.0,5065.3,4963.8,5.2,10.3,187.05,0.547,-0.482,0.118,0.057,1.956,-0.326,0.518,2.387,4775.0
2026-07-27 19:00:00+00:00,2578.5,1847.7,6.9,131.5,186.9,0.0,0.0,213.7,0.2,4.6,21.7,16.0,6.5,71.7,14.3,5033.6,4947.7,4.9,9.9,183.1,0.554,-0.446,0.131,0.113,1.911,-0.325,0.571,2.509,5018.0
2026-07-27 19:15:00+00:00,2490.9,1848.1,6.9,131.3,186.6,0.0,0.0,191.6,0.2,4.6,28.6,16.6,7.2,62.4,14.1,4931.5,4855.1,4.9,9.6,181.08,0.429,-0.475,0.196,0.113,1.935,-0.392,0.571,2.378,4755.0
2026-07-27 19:30:00+00:00,2394.9,1847.1,6.9,132.0,186.1,0.0,0.0,166.9,0.2,4.6,21.1,16.4,7.0,45.4,14.2,4880.8,4821.2,4.6,9.1,179.78,0.371,-0.46,0.208,0.113,1.975,-0.386,0.571,2.392,4783.999999999999
2026-07-27 19:45:00+00:00,2568.8,1826.6,7.0,132.2,187.2,0.0,0.0,145.3,0.2,4.6,21.0,15.1,7.5,38.2,9.2,4952.3,4904.9,4.2,8.8,173.14,0.322,-0.412,0.216,0.113,2.033,-0.372,0.571,2.471,4942.0
2026-07-27 20:00:00+00:00,2607.4,1783.8,7.0,132.4,181.4,0.0,0.0,178.9,0.2,4.6,21.8,15.1,6.7,41.4,13.7,4995.6,4940.5,4.4,9.1,181.48,0.343,-0.537,0.164,0.087,2.329,-0.386,0.658,2.659,5317.0
2026-07-27 20:15:00+00:00,2622.2,1740.2,7.0,132.4,181.9,0.0,0.0,181.7,0.2,4.6,24.4,15.6,7.2,49.8,12.3,4994.5,4932.5,4.5,9.6,174.01,0.271,-0.528,0.229,0.087,2.319,-0.412,0.658,2.625,5249.000000000001
2026-07-27 20:30:00+00:00,2665.3,1697.4,7.0,132.3,180.3,0.0,0.0,157.6,0.2,4.6,21.1,15.0,6.5,59.2,0.3,4952.3,4892.8,4.5,9.7,175.31,0.168,-0.452,0.245,0.087,2.272,-0.414,0.658,2.565,5129.0
2026-07-27 20:45:00+00:00,2706.6,1655.3,7.0,132.2,178.8,0.0,0.0,170.2,0.2,4.6,21.4,15.3,6.3,63.6,0.5,4941.1,4877.0,4.6,10.0,156.75,0.163,-0.475,0.196,0.087,2.38,-0.403,0.658,2.608,5214.0
2026-07-27 21:00:00+00:00,2688.0,1613.9,7.0,132.3,170.8,0.0,0.0,158.2,0.2,4.6,37.2,16.1,6.3,59.9,0.1,4891.8,4831.7,4.6,10.1,161.72,0.153,-0.47,0.257,-0.003,2.303,-0.416,0.701,2.525,5050.000000000001
2026-07-27 21:15:00+00:00,2607.1,1606.6,7.0,132.0,157.8,0.0,0.0,157.1,0.2,4.6,41.5,15.9,6.2,59.1,0.1,4809.1,4749.8,4.6,10.1,161.57,0.175,-0.557,0.217,-0.003,2.431,-0.446,0.701,2.518,5036.0
2026-07-27 21:30:00+00:00,2636.2,1606.4,7.0,132.1,142.1,0.0,0.0,156.3,0.2,4.6,30.5,14.9,5.7,57.9,0.1,4744.5,4686.5,4.6,10.2,164.61,0.235,-0.661,0.146,-0.003,2.61,-0.443,0.701,2.586,5170.999999999999
2026-07-27 21:45:00+00:00,2523.4,1606.7,7.0,132.1,132.0,0.0,0.0,151.2,0.2,4.6,38.1,16.0,5.3,54.5,0.1,4663.6,4609.0,4.7,10.1,157.65,0.294,-0.793,0.087,-0.003,2.789,-0.427,0.701,2.649,5297.000000000001
2026-07-27 22:00:00+00:00,2356.5,1606.6,5.3,132.0,129.4,0.0,0.0,163.4,0.2,4.6,35.3,15.9,6.1,49.1,4.6,4535.3,4481.6,4.7,10.0,182.43,0.339,-0.906,0.089,-0.186,2.791,-0.442,0.732,2.418,4835.0
2026-07-27 22:15:00+00:00,2279.2,1607.4,5.1,131.7,131.7,0.0,0.0,246.3,0.2,4.6,33.5,16.1,5.9,45.2,2.8,4473.8,4425.9,4.7,9.4,171.23,0.132,-0.844,0.151,-0.186,2.687,-0.502,0.732,2.17,4340.0
2026-07-27 22:30:00+00:00,2247.4,1608.7,5.1,131.8,129.6,0.0,0.0,209.7,0.2,4.6,33.7,16.2,6.0,35.5,0.6,4414.8,4378.8,4.5,9.0,153.01,0.149,-0.864,0.086,-0.186,2.753,-0.466,0.732,2.205,4409.000000000001
2026-07-27 22:45:00+00:00,2075.0,1610.7,5.1,131.9,130.5,0.0,0.0,224.8,0.2,4.6,32.7,16.3,6.3,25.5,0.1,4360.3,4334.7,4.3,8.5,144.34,0.09,-0.806,0.083,-0.186,2.671,-0.476,0.732,2.108,4215.999999999999
2026-07-27 23:00:00+00:00,2110.0,1612.0,5.1,132.0,129.2,0.0,0.0,175.7,0.2,4.6,24.2,16.1,5.9,20.7,2.2,4262.1,4239.2,4.3,8.6,160.12,0.034,-0.814,0.091,-0.161,2.688,-0.516,0.775,2.096,4193.0
2026-07-27 23:15:00+00:00,2028.7,1612.6,5.1,132.1,129.9,0.0,0.0,150.4,0.2,4.6,23.4,16.2,6.6,18.3,0.7,4184.4,4165.4,4.3,8.6,154.43,0.02,-0.862,0.097,-0.161,2.725,-0.543,0.775,2.051,4102.0
2026-07-27 23:30:00+00:00,1952.2,1612.3,5.1,132.1,131.3,0.0,0.0,147.1,0.2,4.6,23.8,16.1,6.7,16.8,1.9,4104.5,4085.8,4.4,8.6,149.33,-0.048,-0.834,0.121,-0.161,2.653,-0.567,0.775,1.939,3878.0
2026-07-27 23:45:00+00:00,1905.1,1612.7,5.1,132.1,133.2,0.0,0.0,141.0,0.2,4.6,23.4,16.0,7.2,15.0,2.4,4020.4,4003.0,4.5,8.6,147.06,-0.019,-0.837,0.085,-0.161,2.618,-0.54,0.775,1.921,3841.9999999999995
2026-07-28 00:00:00+00:00,1945.2,1612.6,5.2,131.9,133.5,0.0,0.0,117.4,0.2,4.6,23.0,15.0,6.2,14.6,0.7,4007.2,3991.9,4.4,8.5,150.91,-0.069,-0.812,0.125,-0.147,2.571,-0.571,0.794,1.892,3783.0000000000005
2026-07-28 00:15:00+00:00,1898.2,1613.1,5.1,132.0,132.7,0.0,0.0,118.9,0.2,4.6,25.2,15.6,6.6,11.1,0.3,4003.6,3992.2,4.3,8.3,148.16,-0.027,-0.834,0.113,-0.147,2.587,-0.555,0.794,1.931,3862.0
2026-07-28 00:30:00+00:00,1883.6,1613.3,5.2,132.0,132.4,0.0,0.0,121.5,0.2,4.6,28.5,15.5,5.9,6.1,0.1,3971.9,3965.8,4.2,8.1,144.0,-0.071,-0.81,0.139,-0.147,2.524,-0.566,0.794,1.864,3727.0000000000005
2026-07-28 00:45:00+00:00,1877.6,1612.7,5.2,131.7,132.6,0.0,0.0,122.3,0.2,4.6,28.3,14.9,7.1,9.5,0.1,3959.1,3949.6,4.3,8.2,141.34,-0.041,-0.785,0.109,-0.147,2.488,-0.55,0.794,1.868,3735.9999999999995
2026-07-28 01:00:00+00:00,1877.8,1613.5,5.2,132.0,132.0,0.0,0.0,114.8,0.2,4.6,23.6,14.3,5.8,11.1,0.2,3980.2,3968.8,4.3,8.3,136.5,0.049,-0.804,0.074,-0.123,2.509,-0.517,0.734,1.923,3844.9999999999995
2026-07-28 01:15:00+00:00,1836.7,1613.6,5.2,132.0,132.4,0.0,0.0,112.7,0.2,4.6,23.0,14.6,5.8,8.9,0.1,3946.9,3937.9,4.3,8.2,137.33,0.047,-0.768,0.048,-0.123,2.459,-0.528,0.734,1.869,3738.0000000000005
2026-07-28 01:30:00+00:00,1866.9,1613.6,5.2,132.1,132.2,0.0,0.0,109.5,0.2,4.6,23.2,14.3,5.7,6.1,0.1,3938.1,3931.8,4.2,8.1,136.47,0.053,-0.742,0.044,-0.123,2.403,-0.528,0.734,1.84,3681.0
2026-07-28 01:45:00+00:00,1873.8,1613.8,5.2,132.0,132.9,0.0,0.0,110.1,0.2,4.6,23.2,14.2,6.3,5.6,0.1,3951.2,3945.4,4.2,8.1,136.77,0.069,-0.736,0.012,-0.123,2.426,-0.527,0.734,1.855,3710.0
2026-07-28 02:00:00+00:00,1873.6,1614.0,5.2,132.0,129.2,0.0,0.0,112.7,0.2,4.6,22.8,14.8,6.3,6.4,0.1,3964.0,3957.5,4.2,8.1,134.69,0.107,-0.758,-0.005,-0.119,2.474,-0.508,0.726,1.916,3833.0
2026-07-28 02:15:00+00:00,1868.0,1614.4,5.2,132.0,133.6,0.0,0.0,117.7,0.2,4.6,22.1,16.0,6.1,7.4,0.1,3988.7,3981.2,4.2,8.2,138.4,0.115,-0.774,0.006,-0.119,2.501,-0.504,0.726,1.951,3902.0
2026-07-28 02:30:00+00:00,1949.4,1614.1,5.2,131.9,132.1,0.0,0.0,116.1,0.2,4.6,22.1,15.3,6.1,11.0,0.2,4024.2,4013.0,4.3,8.3,143.32,0.033,-0.746,0.093,-0.119,2.474,-0.531,0.726,1.929,3859.0
2026-07-28 02:45:00+00:00,1928.8,1614.1,5.2,132.1,133.0,0.0,0.0,114.3,0.2,4.6,22.1,14.2,7.5,16.4,0.2,4079.1,4062.4,4.3,8.6,152.87,-0.024,-0.704,0.119,-0.119,2.459,-0.544,0.726,1.913,3826.0
2026-07-28 03:00:00+00:00,1911.7,1614.0,5.9,132.1,133.5,0.0,0.0,117.0,0.2,4.6,30.8,14.8,9.1,21.3,3.9,4072.3,4047.1,4.6,9.0,150.0,-0.061,-0.632,0.109,-0.048,2.359,-0.514,0.75,1.962,3925.0
2026-07-28 03:15:00+00:00,1946.8,1614.2,6.2,132.1,131.6,0.0,0.0,116.7,0.2,4.6,30.4,14.5,6.2,25.7,22.7,4068.7,4020.3,5.1,9.9,154.74,-0.052,-0.606,0.088,-0.048,2.337,-0.497,0.75,1.972,3944.0
2026-07-28 03:30:00+00:00,1949.9,1614.0,6.2,132.0,138.7,0.0,0.0,117.5,0.2,4.6,23.7,14.5,6.0,31.9,67.6,4116.8,4017.3,6.3,12.0,165.17,-0.09,-0.565,0.119,-0.048,2.271,-0.503,0.75,1.933,3867.0
2026-07-28 03:45:00+00:00,1885.3,1613.8,6.2,132.0,140.9,0.0,0.0,117.2,0.2,4.6,33.7,14.5,6.1,36.6,139.0,4130.5,3954.8,8.1,15.0,167.46,-0.149,-0.516,0.15,-0.048,2.162,-0.517,0.75,1.831,3663.0
2026-07-28 04:00:00+00:00,1970.1,1614.2,7.4,132.1,140.6,0.0,0.0,132.9,0.2,4.6,41.1,14.5,4.8,35.7,227.2,4293.6,4030.8,9.9,18.0,169.51,-0.162,-0.45,0.25,-0.015,2.037,-0.51,0.786,1.936,3872.0
2026-07-28 04:15:00+00:00,1887.6,1614.1,7.4,131.8,141.0,0.0,0.0,139.6,0.2,4.6,37.2,14.9,5.4,37.5,379.9,4395.0,3977.5,13.2,23.0,179.91,-0.183,-0.436,0.285,-0.015,1.977,-0.502,0.786,1.912,3824.0
2026-07-28 04:30:00+00:00,1762.2,1614.2,7.4,132.1,134.9,0.0,0.0,129.5,0.2,4.6,48.2,13.9,5.7,40.8,550.3,4430.5,3839.3,17.0,28.0,172.97,-0.297,-0.413,0.358,-0.015,1.895,-0.551,0.786,1.764,3527.0
2026-07-28 04:45:00+00:00,1535.9,1614.3,7.4,132.0,133.8,0.0,0.0,132.4,0.2,4.6,70.5,15.0,5.8,49.2,755.0,4418.4,3614.1,21.9,33.1,160.44,-0.345,-0.447,0.327,-0.015,1.844,-0.562,0.786,1.589,3177.0
2026-07-28 05:00:00+00:00,1318.6,1614.2,7.4,132.2,133.2,0.0,0.0,152.2,0.2,4.6,68.8,15.8,4.5,50.3,1043.1,4416.7,3323.4,28.4,38.9,178.14,-0.519,-0.446,0.334,-0.031,1.769,-0.608,0.789,1.288,2575.9999999999995
2026-07-28 05:15:00+00:00,1064.0,1615.1,7.4,132.3,135.0,0.0,0.0,141.3,0.2,4.6,66.7,15.0,5.9,45.0,1362.5,4425.5,3017.9,35.5,44.5,167.99,-0.738,-0.426,0.412,-0.031,1.625,-0.627,0.789,1.004,2008.0
2026-07-28 05:30:00+00:00,762.0,1615.6,7.3,132.5,133.6,0.0,0.0,123.0,0.2,4.6,67.2,14.1,5.8,36.8,1630.2,4393.2,2726.2,41.6,48.5,155.05,-0.908,-0.383,0.46,-0.031,1.424,-0.66,0.789,0.692,1383.0
2026-07-28 05:45:00+00:00,376.5,1616.2,7.3,132.6,133.3,0.0,0.0,120.7,0.2,4.6,82.9,15.0,3.7,30.7,1887.0,4293.7,2376.0,48.4,51.5,148.25,-1.023,-0.355,0.466,-0.031,1.212,-0.672,0.789,0.385,771.0
2026-07-28 06:00:00+00:00,7.1,1615.1,5.3,132.7,134.4,0.0,0.5,145.3,0.2,4.6,85.5,14.9,5.4,32.5,2127.2,4150.8,1991.2,55.9,53.9,158.31,-1.023,-0.509,0.3,-0.076,1.312,-0.7,0.658,-0.039,-76.99999999999993
2026-07-28 06:15:00+00:00,-259.6,1615.5,5.1,127.1,134.9,0.0,0.0,212.8,0.2,4.6,88.7,14.7,5.4,29.1,2365.2,4109.7,1715.3,62.0,55.4,140.18,-1.072,-0.576,0.325,-0.076,1.18,-0.723,0.658,-0.285,-569.0000000000002
2026-07-28 06:30:00+00:00,-530.1,1616.0,5.2,118.8,134.8,0.0,0.0,177.5,0.2,4.6,87.0,14.8,3.6,21.5,2597.9,4080.1,1460.8,67.8,57.8,129.86,-1.225,-0.519,0.395,-0.076,0.926,-0.758,0.658,-0.6,-1199.0
2026-07-28 06:45:00+00:00,-661.2,1616.7,5.2,110.5,121.6,0.0,0.0,196.9,0.2,4.6,86.2,14.5,4.4,18.9,2841.7,4040.1,1179.5,74.2,59.7,81.98,-1.213,-0.628,0.397,-0.076,0.859,-0.784,0.658,-0.788,-1575.0000000000002
2026-07-28 07:00:00+00:00,-927.0,1616.3,5.2,103.2,115.0,0.0,0.0,169.5,0.2,4.6,88.5,14.5,4.9,20.6,3062.4,4069.5,986.5,79.0,61.7,172.01,-1.193,-0.589,0.424,-0.115,0.7,-0.788,0.577,-0.983,-1967.0
2026-07-28 07:15:00+00:00,-1018.0,1615.2,5.2,103.0,114.3,0.0,0.0,162.3,0.2,4.6,92.9,14.7,5.0,18.4,3194.6,4025.2,812.2,83.1,62.7,107.65,-1.209,-0.6,0.407,-0.115,0.626,-0.804,0.577,-1.117,-2235.0000000000005
2026-07-28 07:30:00+00:00,-1199.9,1614.5,5.2,103.1,114.1,0.0,0.0,198.6,0.2,4.6,86.3,14.8,4.2,16.7,3313.7,3970.4,640.0,87.2,63.2,75.67,-1.28,-0.594,0.417,-0.115,0.497,-0.826,0.577,-1.324,-2648.0000000000005
2026-07-28 07:45:00+00:00,-1409.1,1614.1,5.2,103.0,111.6,0.0,0.0,159.8,0.2,4.6,100.3,14.1,4.8,18.6,3439.1,3933.7,476.0,91.2,64.3,34.68,-1.22,-0.609,0.423,-0.115,0.345,-0.783,0.577,-1.383,-2765.0
2026-07-28 08:00:00+00:00,-1455.2,1614.4,5.2,102.5,98.5,0.0,0.0,149.5,0.2,4.6,97.7,13.7,5.0,20.3,3482.9,3870.6,367.4,93.8,64.9,79.22,-1.116,-0.652,0.406,-0.319,0.288,-0.739,0.385,-1.747,-3494.0
2026-07-28 08:15:00+00:00,-1606.0,1614.5,5.2,102.2,83.7,0.0,0.0,149.5,0.2,4.6,109.0,13.4,3.9,18.6,3615.4,3821.8,187.9,98.4,65.8,43.48,-0.987,-0.805,0.327,-0.319,0.432,-0.715,0.385,-1.682,-3364.0
2026-07-28 08:30:00+00:00,-1627.1,1614.0,5.2,102.6,80.4,0.0,0.0,157.5,0.2,4.6,109.9,13.3,4.9,17.0,3633.0,3765.4,115.4,100.3,65.8,16.3,-0.909,-0.874,0.313,-0.319,0.414,-0.702,0.385,-1.692,-3384.0
2026-07-28 08:45:00+00:00,-1645.0,1614.1,5.2,101.1,80.6,0.0,0.0,154.7,0.2,4.6,124.1,13.2,4.4,15.9,3626.6,3794.4,152.0,99.3,65.6,9.08,-0.564,-1.066,0.158,-0.319,0.641,-0.633,0.385,-1.397,-2795.0
2026-07-28 09:00:00+00:00,-1659.4,1612.7,5.2,63.0,81.2,0.0,0.0,158.9,0.2,4.5,115.5,12.7,3.9,15.4,3633.4,3695.5,46.7,101.1,65.5,10.37,-0.535,-1.085,0.159,-0.526,0.609,-0.638,0.139,-1.877,-3754.0
2026-07-28 09:15:00+00:00,-1635.6,1612.4,5.1,57.6,82.6,0.0,0.0,98.7,0.2,4.5,124.2,13.1,3.5,15.5,3596.6,3640.0,27.9,101.5,65.8,8.0,-0.363,-1.165,0.117,-0.526,0.7,-0.601,0.139,-1.7,-3399.0
2026-07-28 09:30:00+00:00,-1655.7,1612.9,5.2,57.7,82.9,0.0,0.0,95.3,0.2,4.5,112.7,13.1,3.1,15.2,3693.4,3747.1,38.5,101.2,66.5,9.84,-0.203,-1.272,0.082,-0.526,0.8,-0.605,0.139,-1.587,-3171.9999999999995
2026-07-28 09:45:00+00:00,-1670.6,1611.8,5.2,57.7,85.3,0.0,0.0,89.4,0.2,4.5,112.8,13.0,4.2,16.9,3701.3,3753.7,35.5,101.3,66.7,10.46,-0.129,-1.308,0.067,-0.526,0.758,-0.617,0.139,-1.616,-3232.0
2026-07-28 10:00:00+00:00,-1481.6,1613.4,5.2,57.6,83.9,0.0,0.0,84.5,0.2,4.5,114.4,13.3,4.3,18.6,3729.6,3772.9,24.7,101.5,66.9,10.6,-0.079,-1.287,0.065,-0.636,0.663,-0.596,0.082,-1.787,-3574.999999999999
2026-07-28 10:15:00+00:00,-1445.0,1612.9,5.2,57.7,84.7,0.0,0.0,86.2,0.2,4.5,113.1,13.3,4.1,25.6,3589.7,3845.2,229.9,96.2,66.1,9.6,0.093,-1.359,0.042,-0.636,0.823,-0.556,0.082,-1.51,-3021.0
2026-07-28 10:30:00+00:00,-1459.8,1612.9,4.9,57.6,83.9,0.0,0.0,80.1,0.2,4.5,113.6,13.3,4.4,28.0,3573.7,3847.1,245.4,95.8,66.1,8.79,0.121,-1.426,0.052,-0.636,0.945,-0.578,0.082,-1.44,-2880.0
2026-07-28 10:45:00+00:00,-1294.3,1611.9,4.9,57.8,83.0,0.0,0.0,84.4,0.2,4.5,112.1,13.6,3.5,27.7,3581.5,3866.7,257.5,95.5,66.1,9.0,0.069,-1.443,0.078,-0.636,0.972,-0.623,0.082,-1.502,-3003.0
2026-07-28 11:00:00+00:00,-1112.9,1613.1,4.9,57.9,83.9,0.0,0.0,80.8,0.2,4.5,113.3,13.3,3.5,32.5,3504.8,3988.3,451.0,90.8,65.7,8.8,0.22,-1.419,0.02,-0.674,0.98,-0.574,0.153,-1.293,-2586.9999999999995
2026-07-28 11:15:00+00:00,-1162.0,1612.8,4.9,58.0,83.0,0.0,0.0,78.0,0.2,4.5,111.8,13.4,3.5,33.9,3470.2,4082.4,578.2,87.9,65.5,8.8,0.303,-1.437,-0.019,-0.674,1.069,-0.551,0.153,-1.156,-2312.0000000000005
2026-07-28 11:30:00+00:00,-1055.5,1612.1,4.9,58.0,81.9,0.0,0.0,81.0,0.2,4.5,111.9,13.0,3.7,46.8,3329.6,4100.1,723.7,84.4,64.7,8.8,0.31,-1.434,-0.022,-0.674,1.112,-0.541,0.153,-1.096,-2191.9999999999995
2026-07-28 11:45:00+00:00,-1094.3,1612.0,4.8,58.1,81.8,0.0,0.0,88.7,0.2,4.5,111.6,13.6,4.5,63.1,3233.8,4031.1,734.2,83.9,64.1,9.01,0.344,-1.463,-0.041,-0.674,1.237,-0.531,0.153,-0.975,-1950.0000000000002
2026-07-28 12:00:00+00:00,-1124.4,1612.7,4.8,58.2,94.7,0.0,0.0,95.5,0.2,4.5,124.1,13.2,4.1,65.6,3144.9,3924.7,714.2,83.9,63.1,9.62,0.366,-1.472,-0.051,-0.674,1.236,-0.54,0.139,-0.994,-1990.0
2026-07-28 12:15:00+00:00,-1052.1,1611.6,4.9,58.8,106.9,0.0,0.0,97.2,0.2,4.5,115.1,13.1,4.2,56.0,3115.2,3901.9,730.7,83.4,62.7,10.65,0.315,-1.465,-0.041,-0.674,1.195,-0.541,0.139,-1.072,-2144.0
2026-07-28 12:30:00+00:00,-1014.9,1612.0,5.2,63.2,108.0,0.0,0.0,93.4,0.2,4.5,112.2,13.1,4.0,41.7,3218.0,3995.0,735.3,83.8,63.5,11.54,0.318,-1.454,-0.058,-0.674,1.218,-0.543,0.139,-1.052,-2106.0
2026-07-28 12:45:00+00:00,-892.9,1608.8,5.2,68.1,104.6,0.0,0.0,92.5,0.2,4.5,111.9,13.0,4.9,47.4,3021.5,4021.6,952.8,78.6,62.2,13.74,0.304,-1.392,-0.02,-0.674,1.201,-0.537,0.139,-0.978,-1956.9999999999998
2026-07-28 13:00:00+00:00,-788.0,1611.4,5.3,71.8,104.5,0.0,0.0,96.1,0.2,4.5,112.4,13.5,6.1,52.1,3042.5,4105.8,1011.2,77.8,62.4,10.87,0.253,-1.386,0.043,-0.589,1.181,-0.574,0.294,-0.779,-1557.0
2026-07-28 13:15:00+00:00,-657.0,1610.1,5.2,72.5,104.4,0.0,0.0,96.9,0.2,4.6,106.0,13.4,4.9,40.1,2959.8,4119.8,1119.9,75.2,61.7,11.54,0.245,-1.379,0.082,-0.589,1.231,-0.556,0.294,-0.672,-1343.9999999999998
2026-07-28 13:30:00+00:00,-492.5,1609.5,5.2,76.2,105.6,0.0,0.0,97.3,0.2,4.6,106.6,13.3,4.2,38.5,2793.4,4156.4,1324.5,70.6,60.4,13.4,0.18,-1.296,0.126,-0.589,1.28,-0.565,0.294,-0.571,-1141.0
2026-07-28 13:45:00+00:00,-560.1,1609.0,5.2,81.2,106.2,0.0,0.0,111.7,0.2,4.6,97.9,13.0,4.1,37.0,2854.2,4206.6,1315.4,71.3,60.9,31.32,0.092,-1.269,0.172,-0.589,1.258,-0.604,0.294,-0.646,-1291.9999999999998
2026-07-28 14:00:00+00:00,-463.4,1607.6,5.2,85.9,106.3,0.0,0.0,173.8,0.2,4.6,97.9,13.1,2.9,37.1,2741.6,4262.9,1484.2,67.8,59.3,11.21,0.037,-1.147,0.193,-0.395,1.14,-0.588,0.362,-0.398,-796.0000000000001
2026-07-28 14:15:00+00:00,-224.5,1607.3,5.2,87.1,105.1,0.0,0.0,163.3,0.2,4.6,92.1,12.8,4.9,33.2,2617.8,4377.0,1726.1,63.1,58.4,58.66,0.002,-1.061,0.197,-0.395,1.239,-0.582,0.362,-0.237,-474.9999999999998
2026-07-28 14:30:00+00:00,-68.3,1607.1,5.2,87.2,105.0,0.0,0.0,194.2,0.2,4.6,90.8,13.2,5.2,25.6,2500.0,4492.8,1967.3,58.7,56.9,88.78,0.004,-1.067,0.121,-0.395,1.478,-0.599,0.362,-0.096,-191.99999999999997
2026-07-28 14:45:00+00:00,169.9,1606.8,5.3,87.4,106.6,0.0,0.0,169.5,0.2,4.6,85.3,13.9,4.9,24.1,2342.6,4505.6,2138.9,55.1,55.7,119.08,-0.041,-1.024,0.12,-0.395,1.658,-0.617,0.362,0.064,127.00000000000006
2026-07-28 15:00:00+00:00,320.4,1606.6,4.7,87.4,107.5,0.0,0.0,180.3,0.2,4.6,86.0,14.5,4.9,19.1,2312.8,4628.6,2296.7,52.8,55.2,66.92,0.077,-1.042,0.037,-0.319,1.834,-0.549,0.271,0.308,617.0
2026-07-28 15:15:00+00:00,640.9,1606.2,5.2,87.3,116.4,0.0,0.0,175.1,0.2,4.6,82.0,14.5,5.5,17.3,2170.4,4776.9,2589.2,48.2,53.7,111.44,0.115,-0.951,-0.039,-0.319,1.955,-0.509,0.271,0.522,1045.0000000000002
2026-07-28 15:30:00+00:00,1009.3,1607.1,5.5,87.4,120.4,0.0,0.0,159.3,0.2,4.6,81.4,14.6,5.2,16.2,2039.5,4904.0,2848.3,44.3,52.4,138.74,0.143,-0.888,-0.059,-0.319,2.041,-0.48,0.271,0.707,1416.0
2026-07-28 15:45:00+00:00,1400.3,1607.9,5.5,88.0,122.7,0.0,0.0,125.3,0.2,4.6,67.7,15.5,5.6,14.0,1768.7,5030.7,3248.1,37.8,49.6,158.41,0.31,-0.915,-0.129,-0.319,2.328,-0.393,0.271,1.152,2304.9999999999995
2026-07-28 16:00:00+00:00,1659.7,1607.8,5.1,88.0,132.1,0.0,0.0,119.9,0.2,4.6,79.1,15.4,5.5,12.0,1417.6,5174.1,3744.5,29.9,44.3,166.37,0.589,-0.831,-0.224,-0.263,2.4,-0.221,0.256,1.707,3413.0
2026-07-28 16:15:00+00:00,1870.1,1607.9,5.1,88.1,155.2,0.0,0.0,142.1,0.2,4.6,82.2,16.3,5.3,8.9,1177.7,5215.7,4029.1,25.0,39.6,184.92,0.684,-0.856,-0.251,-0.263,2.605,-0.211,0.256,1.963,3927.0
2026-07-28 16:30:00+00:00,2253.7,1607.9,5.2,88.1,165.8,0.0,0.0,147.7,0.2,4.6,79.4,16.0,6.8,8.5,882.3,5303.7,4413.0,19.0,33.5,190.18,0.614,-0.79,-0.173,-0.263,2.747,-0.229,0.256,2.162,4324.0
2026-07-28 16:45:00+00:00,2429.6,1607.7,5.2,87.9,178.9,0.0,0.0,170.3,0.2,4.6,59.9,14.8,5.6,6.6,634.1,5302.3,4661.7,14.3,27.2,205.94,0.573,-0.708,-0.125,-0.263,2.758,-0.218,0.256,2.273,4545.999999999999
2026-07-28 17:00:00+00:00,2796.0,1608.0,5.2,87.8,185.4,0.0,0.0,211.8,0.2,4.6,67.4,14.9,6.1,6.4,425.0,5457.3,5025.8,10.0,20.9,192.55,0.726,-0.606,-0.181,-0.055,2.736,-0.135,0.375,2.861,5721.0
2026-07-28 17:15:00+00:00,2974.8,1608.1,5.2,87.9,184.9,0.0,0.0,216.1,0.2,4.6,55.2,16.3,5.5,5.0,274.6,5487.8,5208.1,7.2,16.1,198.3,0.715,-0.493,-0.139,-0.055,2.666,-0.109,0.375,2.96,5920.0
2026-07-28 17:30:00+00:00,2949.1,1607.2,5.2,87.8,183.4,0.0,0.0,226.0,0.2,4.6,53.9,16.2,6.5,4.3,169.4,5379.9,5206.2,5.4,12.3,205.57,0.62,-0.398,-0.06,-0.055,2.506,-0.124,0.375,2.863,5726.999999999999
2026-07-28 17:45:00+00:00,2941.1,1605.5,5.2,87.8,183.5,0.0,0.0,221.8,0.2,4.6,53.4,16.3,6.6,4.3,92.6,5289.9,5192.9,4.1,9.4,235.18,0.581,-0.381,-0.045,-0.055,2.436,-0.116,0.375,2.795,5590.0
2026-07-28 18:00:00+00:00,3364.3,1581.4,6.8,87.8,182.4,0.0,0.0,224.1,0.2,4.6,34.0,15.6,6.8,4.8,47.2,5370.5,5318.6,3.2,7.8,202.73,0.608,-0.351,0.038,-0.013,2.44,-0.114,0.397,3.005,6010.0
2026-07-28 18:15:00+00:00,3312.4,1538.4,6.8,88.1,180.7,0.0,0.0,245.0,0.2,4.6,29.5,14.9,7.7,4.3,18.9,5277.9,5254.7,2.7,6.6,209.17,0.636,-0.353,0.002,-0.013,2.403,-0.091,0.397,2.981,5962.0
2026-07-28 18:30:00+00:00,3191.2,1495.1,6.8,87.9,184.1,0.0,0.0,251.4,0.2,4.6,35.8,15.2,7.2,4.7,13.7,5226.4,5208.0,2.6,6.5,220.52,0.692,-0.359,-0.029,-0.013,2.436,-0.072,0.397,3.052,6103.999999999999
2026-07-28 18:45:00+00:00,3251.7,1452.3,6.8,87.7,185.6,0.0,0.0,260.7,0.2,4.6,47.3,15.9,6.1,4.7,13.7,5202.4,5184.0,2.6,6.6,239.07,0.684,-0.37,0.021,-0.013,2.446,-0.088,0.397,3.077,6154.0
2026-07-28 19:00:00+00:00,3168.3,1408.0,6.8,87.7,186.3,0.0,0.0,273.4,0.2,4.6,52.8,16.4,7.1,6.2,16.2,5172.5,5150.2,2.7,6.9,219.99,0.664,-0.323,0.015,0.009,2.415,-0.083,0.396,3.094,6186.999999999999
2026-07-28 19:15:00+00:00,3185.1,1360.5,6.9,87.7,185.8,0.0,0.0,258.4,0.2,4.6,51.5,16.5,6.2,7.2,16.0,5150.4,5127.1,2.8,7.1,213.91,0.643,-0.292,0.05,0.009,2.355,-0.092,0.396,3.071,6140.000000000001
2026-07-28 19:30:00+00:00,3282.3,1359.3,7.0,87.6,181.7,0.0,0.0,231.9,0.2,4.6,50.6,16.4,6.5,10.9,14.4,5127.1,5101.9,2.8,7.3,205.71,0.632,-0.286,0.062,0.009,2.366,-0.1,0.396,3.08,6159.000000000001
2026-07-28 19:45:00+00:00,3157.1,1358.9,7.0,87.6,186.1,0.0,0.0,204.5,0.2,4.6,37.8,15.3,6.0,11.7,14.2,5080.4,5054.5,2.8,7.4,200.1,0.649,-0.3,-0.006,0.009,2.458,-0.111,0.396,3.097,6192.0
2026-07-28 20:00:00+00:00,3003.6,1358.7,7.0,87.6,186.0,0.0,0.0,209.7,0.2,4.6,47.4,16.3,5.4,13.1,2.7,4991.5,4975.7,2.7,6.9,210.79,0.602,-0.366,-0.084,0.022,2.604,-0.154,0.414,3.038,6076.000000000001
2026-07-28 20:15:00+00:00,3150.9,1359.3,7.0,87.6,186.2,0.0,0.0,215.0,0.2,4.6,42.1,16.1,6.1,11.9,17.5,5111.2,5081.8,2.9,7.6,197.06,0.609,-0.384,-0.072,0.022,2.691,-0.176,0.414,3.104,6208.0
2026-07-28 20:30:00+00:00,3103.7,1359.6,7.0,87.5,187.0,0.0,0.0,209.3,0.2,4.6,38.2,16.8,6.6,12.4,15.9,5057.8,5029.4,2.9,7.6,187.55,0.591,-0.408,-0.077,0.022,2.7,-0.19,0.414,3.051,6103.000000000001
2026-07-28 20:45:00+00:00,2975.9,1361.0,7.0,87.5,189.0,0.0,0.0,250.4,0.2,4.6,38.1,16.4,6.0,16.8,4.5,4985.4,4964.2,2.8,7.1,180.43,0.618,-0.508,-0.107,0.022,2.771,-0.204,0.414,3.006,6012.0
2026-07-28 21:00:00+00:00,2881.8,1362.4,5.4,87.6,186.1,0.0,0.0,309.4,0.2,4.6,23.5,16.3,6.5,17.1,6.9,4931.9,4907.9,2.9,7.0,189.27,0.632,-0.624,-0.125,-0.066,2.88,-0.247,0.42,2.87,5740.0
2026-07-28 21:15:00+00:00,2930.0,1362.8,5.3,87.5,185.9,0.0,0.0,197.5,0.2,4.6,22.4,16.3,6.6,18.3,5.7,4873.0,4849.1,2.9,7.4,179.26,0.703,-0.657,-0.159,-0.066,2.938,-0.233,0.42,2.946,5891.999999999999
2026-07-28 21:30:00+00:00,2921.5,1364.1,5.1,87.5,185.9,0.0,0.0,180.7,0.2,4.6,22.9,16.3,5.5,22.2,3.5,4848.9,4823.1,2.9,7.5,165.95,0.628,-0.648,-0.116,-0.066,2.924,-0.281,0.42,2.861,5721.999999999999
2026-07-28 21:45:00+00:00,2845.6,1364.3,5.2,87.9,174.4,0.0,0.0,165.2,0.2,4.5,23.0,16.1,6.1,29.2,2.8,4766.8,4734.8,3.1,7.9,160.78,0.651,-0.708,-0.126,-0.066,3.014,-0.287,0.42,2.898,5795.999999999999
2026-07-28 22:00:00+00:00,2793.3,1364.5,5.2,87.7,150.8,0.0,0.0,165.2,0.2,4.5,25.4,15.4,6.5,30.6,3.2,4643.9,4610.2,3.2,8.1,177.16,0.605,-0.79,-0.118,-0.164,3.093,-0.292,0.486,2.82,5640.000000000001
2026-07-28 22:15:00+00:00,2773.1,1364.1,5.2,87.5,136.8,0.0,0.0,156.5,0.2,4.5,24.1,14.4,5.8,25.6,0.6,4588.9,4562.7,3.1,7.7,168.93,0.504,-0.715,-0.098,-0.164,2.995,-0.307,0.486,2.702,5403.000000000001
2026-07-28 22:30:00+00:00,2682.6,1364.3,5.3,87.5,139.7,0.0,0.0,143.5,0.2,4.5,24.0,13.9,6.0,26.1,0.2,4547.9,4521.6,3.1,7.8,155.85,0.492,-0.737,-0.112,-0.164,3.03,-0.322,0.486,2.673,5346.0
2026-07-28 22:45:00+00:00,2562.7,1365.3,5.3,87.2,142.4,0.0,0.0,148.1,0.2,4.5,24.4,14.8,6.3,26.2,0.1,4443.4,4417.1,3.2,7.7,144.53,0.451,-0.752,-0.113,-0.164,2.993,-0.333,0.486,2.569,5137.0
2026-07-28 23:00:00+00:00,2480.6,1365.3,5.3,87.5,138.3,0.0,0.0,152.5,0.2,4.5,25.4,14.9,6.1,25.8,3.7,4321.9,4292.4,3.4,7.9,155.48,0.373,-0.83,-0.076,-0.187,3.056,-0.392,0.495,2.439,4878.0
2026-07-28 23:15:00+00:00,2424.8,1365.0,5.3,87.7,136.0,0.0,0.0,151.8,0.2,4.5,24.4,16.0,6.0,23.2,3.0,4254.5,4228.3,3.4,7.8,153.2,0.347,-0.826,-0.087,-0.187,3.047,-0.404,0.495,2.384,4769.0
2026-07-28 23:30:00+00:00,2376.1,1365.2,5.3,87.7,137.5,0.0,0.0,150.3,0.2,4.5,24.5,15.2,6.2,22.4,1.4,4206.6,4182.8,3.3,7.7,148.45,0.334,-0.841,-0.104,-0.187,3.061,-0.404,0.495,2.354,4708.0
2026-07-28 23:45:00+00:00,2331.3,1365.5,5.2,87.5,136.3,0.0,0.0,137.5,0.2,4.5,24.4,14.2,4.7,24.0,0.4,4150.4,4126.0,3.3,7.7,142.18,0.338,-0.852,-0.114,-0.187,3.069,-0.402,0.495,2.347,4694.0
2026-07-29 00:00:00+00:00,2290.2,1365.9,5.2,87.7,136.5,0.0,0.0,127.6,0.2,4.5,24.8,14.9,6.1,27.4,0.1,4093.9,4066.5,3.5,7.9,140.9,0.283,-0.873,-0.1,-0.199,3.092,-0.435,0.488,2.256,4512.0
2026-07-29 00:15:00+00:00,2266.7,1365.5,5.2,87.6,136.3,0.0,0.0,122.6,0.2,4.5,23.3,14.7,5.9,30.3,0.3,4060.9,4030.4,3.6,8.1,138.32,0.285,-0.9,-0.11,-0.199,3.136,-0.446,0.488,2.253,4507.000000000001
2026-07-29 00:30:00+00:00,2235.7,1366.1,5.2,87.7,138.8,0.0,0.0,119.9,0.2,4.5,23.2,14.3,5.7,37.1,0.5,4072.7,4035.1,3.7,8.4,137.28,0.275,-0.881,-0.109,-0.199,3.119,-0.443,0.488,2.249,4499.000000000001
2026-07-29 00:45:00+00:00,2240.4,1366.3,5.1,87.6,139.0,0.0,0.0,118.0,0.2,4.5,23.6,14.0,5.3,36.7,0.2,4063.7,4026.8,3.7,8.4,134.94,0.259,-0.869,-0.102,-0.199,3.09,-0.45,0.488,2.217,4433.999999999999
2026-07-29 01:00:00+00:00,2213.8,1366.5,5.1,87.6,138.4,0.0,0.0,123.2,0.2,4.5,24.8,14.7,5.7,36.4,0.2,4055.2,4018.6,3.7,8.4,135.01,0.251,-0.868,-0.101,-0.203,3.071,-0.46,0.48,2.17,4340.0
2026-07-29 01:15:00+00:00,2189.7,1367.7,5.1,87.6,139.3,0.0,0.0,122.5,0.2,4.5,23.8,14.7,6.1,36.8,0.2,4019.8,3982.9,3.8,8.4,135.15,0.313,-0.912,-0.137,-0.203,3.126,-0.444,0.48,2.222,4445.0
2026-07-29 01:30:00+00:00,2193.8,1367.5,5.2,87.6,139.5,0.0,0.0,121.8,0.2,4.5,24.0,15.1,5.7,33.5,0.2,4011.2,3977.5,3.7,8.3,135.03,0.296,-0.917,-0.13,-0.203,3.11,-0.448,0.48,2.188,4375.999999999999
2026-07-29 01:45:00+00:00,2204.2,1368.1,5.2,87.4,135.1,0.0,0.0,121.0,0.2,4.5,24.2,15.3,6.0,35.7,0.3,4035.0,3999.0,3.8,8.4,134.82,0.309,-0.919,-0.108,-0.203,3.105,-0.446,0.48,2.218,4436.0
2026-07-29 02:00:00+00:00,2215.5,1368.4,5.2,87.5,139.2,0.0,0.0,125.0,0.2,4.5,24.2,15.8,5.7,43.9,0.1,4048.4,4004.4,4.0,8.8,134.22,0.3,-0.902,-0.105,-0.204,3.074,-0.455,0.479,2.187,4374.0
2026-07-29 02:15:00+00:00,2243.0,1368.0,5.2,87.6,138.7,0.0,0.0,121.4,0.2,4.5,23.1,14.6,4.9,47.4,0.1,4049.6,4002.1,4.0,8.9,138.43,0.326,-0.909,-0.115,-0.204,3.1,-0.445,0.479,2.232,4464.0
2026-07-29 02:30:00+00:00,2267.3,1368.4,5.2,87.4,138.1,0.0,0.0,129.5,0.2,4.5,23.9,14.8,5.5,45.3,0.2,4090.3,4044.9,3.9,8.8,144.08,0.299,-0.891,-0.107,-0.204,3.11,-0.447,0.479,2.24,4479.0
2026-07-29 02:45:00+00:00,2279.7,1368.1,5.2,87.5,135.9,0.0,0.0,132.8,0.2,4.5,23.7,14.9,5.5,44.6,0.1,4121.2,4076.5,3.9,8.8,151.47,0.312,-0.899,-0.1,-0.204,3.13,-0.443,0.479,2.276,4551.0
2026-07-29 03:00:00+00:00,2354.6,1368.4,5.2,87.5,136.5,0.0,0.0,134.4,0.2,4.5,26.1,15.1,5.9,40.1,2.5,4150.8,4108.2,3.8,8.6,146.74,0.324,-0.822,-0.129,-0.176,3.038,-0.39,0.447,2.292,4584.0
2026-07-29 03:15:00+00:00,2353.9,1368.4,5.2,87.6,134.2,0.0,0.0,130.4,0.2,4.5,24.4,15.2,5.8,35.5,22.4,4202.1,4144.2,4.1,9.5,154.17,0.386,-0.83,-0.152,-0.176,3.076,-0.367,0.447,2.384,4768.000000000001
2026-07-29 03:30:00+00:00,2337.2,1368.8,5.2,87.6,135.4,0.0,0.0,130.2,0.2,4.5,23.9,14.6,5.6,32.5,67.0,4221.2,4121.7,5.1,11.4,158.0,0.323,-0.805,-0.138,-0.176,3.057,-0.391,0.447,2.317,4634.0
2026-07-29 03:45:00+00:00,2300.7,1368.7,5.3,87.4,143.1,0.0,0.0,135.9,0.2,4.5,27.7,14.7,5.4,32.2,140.6,4237.9,4065.1,6.8,14.6,164.05,0.271,-0.765,-0.128,-0.176,2.958,-0.404,0.447,2.204,4407.0
2026-07-29 04:00:00+00:00,2299.8,1368.9,7.0,87.2,149.8,0.0,0.0,140.8,0.2,4.5,32.4,14.4,5.6,35.5,235.6,4362.3,4091.3,8.9,18.6,164.46,0.218,-0.667,-0.073,-0.102,2.817,-0.399,0.517,2.311,4622.0
2026-07-29 04:15:00+00:00,2183.0,1368.8,7.0,87.6,155.4,0.0,0.0,150.6,0.2,4.5,37.2,14.6,6.0,35.9,375.0,4433.2,4022.3,11.9,23.5,178.77,0.195,-0.664,-0.05,-0.102,2.748,-0.402,0.517,2.242,4484.0
2026-07-29 04:30:00+00:00,2109.6,1368.5,7.1,87.6,157.0,0.0,0.0,138.4,0.2,4.5,42.8,14.2,6.0,31.5,559.9,4473.6,3882.2,15.8,29.3,176.36,0.059,-0.608,-0.008,-0.102,2.606,-0.433,0.517,2.032,4063.0000000000005
2026-07-29 04:45:00+00:00,1913.1,1368.9,7.1,87.9,154.8,0.0,0.0,131.3,0.2,4.5,56.5,13.4,5.9,30.6,790.0,4518.7,3698.1,20.7,35.3,173.24,-0.021,-0.607,0.019,-0.102,2.496,-0.449,0.517,1.855,3708.0
2026-07-29 05:00:00+00:00,1690.9,1368.8,7.1,87.4,159.4,0.0,0.0,133.0,0.2,4.5,59.1,12.9,5.8,32.3,1058.7,4530.7,3439.7,26.6,41.2,175.56,-0.017,-0.622,0.075,-0.089,2.262,-0.471,0.587,1.724,3449.0
2026-07-29 05:15:00+00:00,1325.0,1368.9,7.1,87.1,156.9,0.0,0.0,135.8,0.2,4.5,97.6,13.5,5.9,30.0,1361.8,4514.1,3122.3,33.4,46.1,173.26,-0.064,-0.65,0.171,-0.089,1.992,-0.584,0.587,1.363,2726.0
2026-07-29 05:30:00+00:00,997.4,1368.5,7.0,86.7,143.4,0.0,0.0,124.2,0.2,4.5,82.3,13.1,5.8,30.0,1675.0,4452.5,2747.5,40.9,51.4,160.47,-0.22,-0.533,0.273,-0.089,1.533,-0.629,0.587,0.921,1843.0
2026-07-29 05:45:00+00:00,640.3,1368.8,7.1,86.4,135.6,0.0,0.0,115.6,0.2,4.5,99.0,14.0,5.3,25.4,1980.9,4379.7,2373.4,48.4,55.2,142.73,-0.285,-0.589,0.299,-0.089,1.32,-0.673,0.587,0.571,1141.0
2026-07-29 06:00:00+00:00,347.4,1368.4,5.4,86.9,141.4,0.0,0.0,112.8,0.2,4.5,89.8,14.2,4.8,22.4,2260.6,4332.8,2049.7,55.3,58.3,167.5,-0.371,-0.645,0.343,-0.047,1.137,-0.758,0.699,0.357,714.9999999999999
2026-07-29 06:15:00+00:00,90.3,1368.1,5.3,82.6,139.7,0.0,0.0,180.7,0.2,4.5,85.2,13.8,5.2,21.6,2457.6,4322.5,1843.3,59.9,59.3,152.72,-0.488,-0.585,0.43,-0.047,0.787,-0.802,0.699,-0.006,-12.000000000000117
2026-07-29 06:30:00+00:00,-196.9,1368.1,5.3,72.5,141.1,0.0,0.0,171.7,0.2,4.5,96.4,13.3,5.1,19.3,2730.9,4288.9,1538.7,66.4,61.5,144.87,-0.534,-0.562,0.458,-0.047,0.609,-0.805,0.699,-0.182,-364.0000000000003
2026-07-29 06:45:00+00:00,-367.3,1367.3,5.3,62.9,141.1,0.0,0.0,178.8,0.2,4.5,89.9,13.2,5.1,18.1,2958.8,4269.9,1293.1,71.8,63.3,109.69,-0.567,-0.611,0.464,-0.047,0.463,-0.824,0.699,-0.423,-845.9999999999999
2026-07-29 07:00:00+00:00,-528.4,1366.5,5.2,58.9,141.0,0.0,0.0,130.1,0.2,4.5,87.6,13.7,5.7,21.2,3152.2,4195.3,1021.9,77.7,65.3,139.99,-0.606,-0.677,0.461,-0.105,0.41,-0.872,0.65,-0.738,-1476.9999999999998
2026-07-29 07:15:00+00:00,-592.7,1367.2,5.3,51.4,139.0,0.0,0.0,92.9,0.2,4.5,87.5,13.7,5.3,25.8,3313.7,4190.0,850.5,81.6,66.9,89.77,-0.576,-0.708,0.406,-0.105,0.455,-0.856,0.65,-0.734,-1468.0
2026-07-29 07:30:00+00:00,-814.3,1367.5,5.3,51.6,128.4,0.0,0.0,91.2,0.2,4.5,88.7,13.6,5.1,30.0,3476.1,4136.8,630.7,86.6,68.1,79.32,-0.593,-0.646,0.448,-0.105,0.168,-0.855,0.65,-0.934,-1866.9999999999998
2026-07-29 07:45:00+00:00,-1112.0,1367.5,5.2,51.5,120.2,0.0,0.0,89.7,0.2,4.5,99.0,13.7,5.0,35.7,3630.0,4091.7,426.1,91.5,69.0,70.43,-0.567,-0.658,0.484,-0.105,-0.014,-0.841,0.65,-1.051,-2102.0000000000005
2026-07-29 08:00:00+00:00,-1419.5,1367.1,5.2,51.4,112.2,0.0,0.0,91.0,0.2,4.5,103.5,13.9,4.0,36.3,3801.1,4002.7,165.2,97.8,70.0,78.34,-0.579,-0.706,0.392,-0.17,0.012,-0.861,0.364,-1.547,-3094.9999999999995
2026-07-29 08:15:00+00:00,-1610.5,1366.4,5.2,51.1,109.9,0.0,0.0,97.8,0.2,4.5,113.0,14.8,4.1,34.8,3921.5,3918.7,-37.5,102.9,70.5,72.38,-0.559,-0.708,0.407,-0.17,-0.089,-0.842,0.364,-1.596,-3193.0
2026-07-29 08:30:00+00:00,-1668.5,1366.4,5.1,51.2,111.2,0.0,0.0,92.0,0.2,4.5,109.9,13.6,4.4,35.5,4000.6,3909.8,-126.4,105.2,71.0,57.0,-0.532,-0.72,0.411,-0.17,-0.175,-0.84,0.364,-1.662,-3324.0
2026-07-29 08:45:00+00:00,-1741.1,1366.2,5.1,53.3,107.8,0.0,0.0,86.2,0.2,4.5,113.8,13.6,3.7,36.2,4091.2,3915.4,-212.1,107.4,71.5,50.1,-0.504,-0.703,0.372,-0.17,-0.27,-0.789,0.364,-1.7,-3400.0000000000005
2026-07-29 09:00:00+00:00,-1666.9,1366.2,5.1,56.6,102.1,0.0,0.0,85.4,0.2,4.5,113.0,13.3,3.7,31.9,4082.7,3966.3,-148.3,105.8,71.6,62.23,-0.382,-0.853,0.343,-0.462,-0.025,-0.756,0.116,-2.018,-4036.999999999999
2026-07-29 09:15:00+00:00,-1595.9,1365.9,5.1,57.4,101.7,0.0,0.0,83.7,0.2,4.5,113.0,13.0,3.6,26.2,4044.8,3937.3,-133.8,105.5,71.4,32.8,-0.203,-1.025,0.199,-0.462,0.271,-0.685,0.116,-1.789,-3577.9999999999995
2026-07-29 09:30:00+00:00,-1526.9,1365.6,5.1,57.3,102.1,0.0,0.0,82.5,0.2,4.5,113.0,13.1,3.7,21.2,3999.3,3969.3,-51.2,103.4,71.1,12.68,0.035,-1.23,0.033,-0.462,0.713,-0.598,0.116,-1.393,-2786.0
2026-07-29 09:45:00+00:00,-1512.5,1365.5,5.2,57.4,99.1,0.0,0.0,83.6,0.2,4.5,113.3,13.2,3.7,21.6,3929.8,3921.4,-30.0,102.9,70.8,8.43,0.174,-1.369,-0.074,-0.462,0.959,-0.568,0.116,-1.224,-2448.0
2026-07-29 10:00:00+00:00,-1450.1,1365.7,5.2,57.3,100.9,0.0,0.0,73.1,0.2,4.3,113.4,13.3,4.6,23.7,3919.2,3927.3,-15.6,102.5,70.9,13.08,0.237,-1.372,-0.085,-0.635,0.952,-0.559,-0.092,-1.554,-3108.0000000000005
2026-07-29 10:15:00+00:00,-1504.5,1365.4,5.2,57.2,99.7,0.0,0.0,72.5,0.2,3.8,113.3,13.8,4.4,26.1,3939.3,3920.9,-44.4,103.2,71.0,12.87,0.315,-1.429,-0.164,-0.635,1.049,-0.516,-0.092,-1.471,-2943.0000000000005
2026-07-29 10:30:00+00:00,-1462.2,1365.2,5.2,57.0,101.0,0.0,0.0,76.9,0.2,5.0,113.6,13.9,4.4,26.4,3908.3,3920.2,-14.5,102.5,70.8,10.87,0.352,-1.535,-0.172,-0.635,1.097,-0.515,-0.092,-1.5,-3000.0
2026-07-29 10:45:00+00:00,-1475.4,1364.9,5.2,56.9,100.8,0.0,0.0,69.9,0.2,4.8,113.1,14.2,4.6,25.5,3898.7,3935.9,11.7,101.8,70.8,10.3,0.403,-1.663,-0.165,-0.635,1.185,-0.53,-0.092,-1.497,-2994.0
2026-07-29 11:00:00+00:00,-1429.3,1364.7,5.2,56.9,104.2,0.0,0.0,77.1,0.2,4.7,112.8,14.1,4.1,28.6,3997.8,4010.1,-16.3,102.5,71.2,15.1,0.343,-1.576,-0.102,-0.605,1.032,-0.545,-0.086,-1.539,-3078.0000000000005
2026-07-29 11:15:00+00:00,-1488.6,1364.4,5.2,57.0,102.1,0.0,0.0,80.4,0.2,4.6,112.8,13.5,4.5,27.0,3991.4,3975.0,-43.3,103.2,71.2,15.96,0.374,-1.612,-0.143,-0.605,1.145,-0.525,-0.086,-1.451,-2903.0000000000005
2026-07-29 11:30:00+00:00,-1479.9,1364.3,5.2,57.0,101.0,0.0,0.0,91.6,0.2,4.6,112.8,13.6,4.4,24.4,4008.2,4043.5,10.9,101.8,71.1,16.02,0.36,-1.596,-0.143,-0.605,1.081,-0.527,-0.086,-1.515,-3031.0
2026-07-29 11:45:00+00:00,-1535.0,1364.1,5.2,57.0,99.4,0.0,0.0,109.8,0.2,4.6,113.2,13.6,4.0,24.6,3990.0,4031.1,16.5,101.6,70.8,17.29,0.381,-1.608,-0.158,-0.605,1.089,-0.519,-0.086,-1.506,-3012.0
2026-07-29 12:00:00+00:00,-1478.3,1363.3,5.2,60.8,101.4,0.0,0.0,116.5,0.2,4.6,113.2,13.9,4.0,26.3,3941.6,4037.1,69.2,100.4,70.5,15.47,0.39,-1.573,-0.188,-0.615,1.131,-0.517,-0.107,-1.479,-2958.0
2026-07-29 12:15:00+00:00,-1387.6,1363.4,5.2,63.3,104.3,0.0,0.0,115.3,0.2,4.6,113.7,13.9,4.5,25.9,3887.0,4104.9,192.0,97.5,70.2,20.43,0.419,-1.553,-0.158,-0.615,1.159,-0.497,-0.107,-1.353,-2704.9999999999995
2026-07-29 12:30:00+00:00,-1371.0,1362.9,5.2,67.2,104.7,0.0,0.0,109.2,0.2,4.6,113.0,14.1,4.5,26.0,3848.6,4130.5,255.9,96.1,70.1,19.99,0.357,-1.506,-0.061,-0.615,1.044,-0.539,-0.107,-1.427,-2854.0
2026-07-29 12:45:00+00:00,-1228.8,1363.0,5.2,73.2,103.5,0.0,0.0,128.3,0.2,4.6,113.7,14.1,5.1,24.5,3738.9,4138.7,375.3,93.3,69.3,29.39,0.395,-1.526,-0.151,-0.615,1.219,-0.523,-0.107,-1.308,-2616.0
2026-07-29 13:00:00+00:00,-1107.6,1337.5,5.2,77.2,102.9,0.0,0.0,179.9,0.2,4.6,118.6,14.1,4.3,23.8,3696.7,4306.8,586.3,88.8,68.7,28.65,0.33,-1.344,-0.043,-0.459,1.015,-0.531,0.054,-0.978,-1956.0
2026-07-29 13:15:00+00:00,-903.6,1293.6,5.2,78.1,102.9,0.0,0.0,176.8,0.2,4.6,114.2,13.6,4.5,26.1,3647.0,4448.5,775.3,84.9,69.1,33.16,0.314,-1.252,0.017,-0.459,0.978,-0.542,0.054,-0.889,-1779.0
2026-07-29 13:30:00+00:00,-698.7,1251.3,5.2,82.4,102.1,0.0,0.0,174.8,0.2,4.6,116.6,14.1,5.3,24.7,3529.4,4485.2,931.1,81.7,69.0,39.79,0.382,-1.173,0.039,-0.459,0.921,-0.537,0.054,-0.772,-1545.0
2026-07-29 13:45:00+00:00,-465.5,1207.4,5.3,87.9,101.9,0.0,0.0,170.6,0.2,4.6,107.3,14.3,5.5,24.4,3381.8,4524.1,1117.8,77.8,68.9,58.95,0.387,-1.155,0.082,-0.459,1.01,-0.529,0.054,-0.611,-1221.0
2026-07-29 14:00:00+00:00,-412.4,1163.7,5.2,92.4,108.5,0.0,0.0,178.1,0.2,4.6,105.2,14.4,5.0,26.3,3298.3,4582.2,1257.5,75.2,68.9,50.6,0.14,-0.862,0.217,-0.354,0.821,-0.582,0.206,-0.414,-828.0000000000001
2026-07-29 14:15:00+00:00,-131.2,1123.1,5.2,94.5,114.0,0.0,0.0,184.3,0.2,4.6,107.4,14.2,5.6,27.0,3153.7,4710.6,1529.9,70.1,68.3,104.99,0.245,-0.848,0.162,-0.354,1.037,-0.56,0.206,-0.111,-223.00000000000009
2026-07-29 14:30:00+00:00,307.7,1122.1,5.2,95.5,113.7,0.0,0.0,180.3,0.2,4.6,108.7,14.1,5.5,24.0,2949.6,4876.4,1902.8,63.5,67.0,110.81,0.324,-0.965,0.109,-0.354,1.531,-0.583,0.206,0.268,535.9999999999999
2026-07-29 14:45:00+00:00,673.5,1121.8,5.1,96.9,111.9,0.0,0.0,183.9,0.2,4.6,102.8,15.3,5.4,24.1,2767.2,5016.5,2225.2,58.1,65.7,153.05,0.503,-1.018,0.035,-0.354,1.807,-0.534,0.206,0.645,1290.0
2026-07-29 15:00:00+00:00,908.8,1121.7,5.1,97.8,111.6,0.0,0.0,191.8,0.2,4.6,86.9,15.4,5.1,26.1,2515.6,5099.0,2557.3,52.3,63.8,102.98,0.544,-0.844,0.086,-0.314,1.73,-0.434,0.157,0.925,1850.0
2026-07-29 15:15:00+00:00,1216.9,1122.5,5.1,98.4,123.6,0.0,0.0,220.6,0.2,4.6,82.6,16.2,5.1,28.1,2312.1,5214.9,2874.7,47.3,61.4,121.86,0.646,-0.8,0.035,-0.314,1.866,-0.399,0.157,1.19,2381.0
2026-07-29 15:30:00+00:00,1643.8,1121.2,5.1,96.9,130.2,0.0,0.0,257.1,0.2,4.6,97.5,15.9,4.9,33.1,2031.8,5367.1,3302.2,40.8,57.7,161.69,0.842,-0.87,-0.035,-0.314,2.162,-0.366,0.157,1.575,3151.0
2026-07-29 15:45:00+00:00,1938.1,1119.6,5.2,97.3,138.2,0.0,0.0,315.1,0.2,4.6,90.0,16.1,5.2,32.7,1722.6,5505.5,3750.2,34.2,53.0,179.53,0.857,-0.834,0.022,-0.314,2.29,-0.382,0.157,1.797,3593.0
2026-07-29 16:00:00+00:00,2390.9,1119.7,5.5,97.3,154.7,0.0,0.0,441.4,0.2,4.6,75.8,16.2,5.6,27.1,1399.0,5582.8,4156.7,27.8,46.4,145.47,0.945,-0.635,-0.061,-0.03,2.165,-0.283,0.283,2.384,4768.0
2026-07-29 16:15:00+00:00,2715.0,1120.5,5.5,96.6,177.3,0.0,0.0,504.3,0.2,4.6,73.5,16.1,6.2,35.7,1099.8,5679.7,4544.2,22.2,40.2,179.79,0.918,-0.507,0.005,-0.03,2.112,-0.256,0.283,2.526,5051.0
2026-07-29 16:30:00+00:00,3012.3,1122.9,5.5,95.9,179.2,0.0,0.0,533.5,0.2,4.6,74.9,15.8,5.3,39.5,815.3,5785.9,4931.0,16.9,33.9,174.97,0.83,-0.335,0.077,-0.03,2.085,-0.25,0.283,2.66,5320.0
2026-07-29 16:45:00+00:00,3243.4,1122.0,5.5,95.3,180.2,0.0,0.0,562.6,0.2,4.6,54.2,16.0,5.7,34.4,585.8,5850.5,5230.3,12.7,27.9,206.38,0.894,-0.302,0.055,-0.03,2.191,-0.186,0.283,2.907,5811.999999999999
2026-07-29 17:00:00+00:00,3298.6,1121.3,5.5,95.9,181.2,0.0,0.0,607.0,0.2,4.6,40.0,16.3,5.8,39.2,386.1,5821.8,5396.5,9.5,22.0,183.88,0.921,-0.223,0.022,0.11,2.186,-0.125,0.333,3.224,6448.0
2026-07-29 17:15:00+00:00,3326.5,1120.9,5.5,96.1,182.4,0.0,0.0,634.9,0.2,4.6,25.8,16.6,6.8,38.6,250.1,5796.4,5507.6,7.2,17.4,215.24,0.983,-0.154,-0.006,0.11,2.108,-0.036,0.333,3.339,6677.0
2026-07-29 17:30:00+00:00,3299.5,1120.6,5.5,93.6,183.1,0.0,0.0,638.6,0.2,4.6,24.4,16.6,6.8,39.1,153.4,5690.8,5498.3,5.6,13.8,264.1,0.908,-0.079,0.042,0.11,1.95,0.009,0.333,3.273,6546.0
2026-07-29 17:45:00+00:00,3380.7,1120.5,5.5,88.5,173.3,0.0,0.0,640.8,0.2,4.6,42.5,16.6,6.2,42.8,86.8,5660.9,5531.3,4.4,11.1,376.69,0.853,-0.033,0.074,0.11,1.902,0.035,0.333,3.274,6548.0
2026-07-29 18:00:00+00:00,3371.1,1120.2,6.5,84.2,181.1,0.0,0.0,673.0,0.2,4.6,50.0,16.6,6.4,45.8,39.9,5654.0,5568.2,3.6,9.0,254.76,0.858,-0.001,0.034,0.097,1.808,0.095,0.351,3.243,6485.0
2026-07-29 18:15:00+00:00,3317.4,1120.7,6.5,83.6,184.9,0.0,0.0,677.3,0.2,4.6,51.5,16.5,6.0,50.7,18.0,5550.5,5481.9,3.3,8.2,270.75,0.857,-0.072,0.008,0.097,1.868,0.089,0.351,3.198,6396.0
2026-07-29 18:30:00+00:00,3317.9,1120.8,6.5,84.0,185.1,0.0,0.0,676.2,0.2,4.6,54.3,16.6,6.2,53.8,8.8,5482.4,5419.7,3.2,8.0,279.54,0.896,-0.111,0.004,0.097,1.911,0.073,0.351,3.222,6443.0
2026-07-29 18:45:00+00:00,3274.8,1120.8,6.6,84.2,185.0,0.0,0.0,677.3,0.2,4.6,51.1,16.6,5.6,57.4,8.5,5495.7,5429.8,3.3,8.2,265.4,0.895,-0.094,0.023,0.097,1.883,0.071,0.351,3.227,6453.0
2026-07-29 19:00:00+00:00,3295.6,1121.4,6.6,84.0,184.0,0.0,0.0,680.5,0.2,4.6,33.5,16.1,6.6,61.7,15.5,5432.6,5355.4,3.5,8.7,257.16,0.813,-0.074,0.091,0.108,1.808,0.031,0.438,3.214,6429.0
2026-07-29 19:15:00+00:00,3346.5,1121.3,6.6,83.4,185.6,0.0,0.0,655.4,0.2,4.6,28.5,15.2,6.5,65.9,14.0,5389.5,5309.6,3.6,8.8,225.09,0.78,-0.091,0.097,0.108,1.842,0.0,0.438,3.174,6348.000000000001
2026-07-29 19:30:00+00:00,3316.0,1121.3,6.6,84.1,184.9,0.0,0.0,656.0,0.2,4.6,30.5,16.6,6.1,67.8,15.1,5399.7,5316.8,3.7,9.0,217.3,0.786,-0.142,0.074,0.108,1.919,-0.048,0.438,3.136,6271.000000000001
2026-07-29 19:45:00+00:00,3324.7,1120.8,6.6,83.8,184.2,0.0,0.0,587.4,0.2,4.6,27.2,16.5,5.9,70.4,16.3,5354.7,5268.0,3.8,9.5,202.0,0.815,-0.177,0.078,0.108,1.991,-0.077,0.438,3.176,6352.0
2026-07-29 20:00:00+00:00,3405.4,1121.3,6.6,83.4,181.9,0.0,0.0,581.6,0.2,4.6,24.8,16.0,6.7,70.3,13.7,5481.5,5397.5,3.6,9.4,206.99,0.818,-0.275,0.083,0.076,2.231,-0.131,0.619,3.422,6843.0
2026-07-29 20:15:00+00:00,3320.5,1121.3,6.6,84.2,181.3,0.0,0.0,581.9,0.2,4.6,23.7,16.2,6.0,74.1,8.3,5466.9,5384.6,3.6,9.4,198.3,0.719,-0.326,0.117,0.076,2.328,-0.198,0.619,3.336,6670.999999999999
2026-07-29 20:30:00+00:00,3230.5,1121.4,6.6,84.3,181.7,0.0,0.0,561.2,0.2,4.6,27.5,16.4,5.4,79.3,6.2,5319.4,5233.9,3.8,9.6,190.39,0.597,-0.344,0.104,0.076,2.36,-0.251,0.619,3.161,6321.999999999999
2026-07-29 20:45:00+00:00,3196.7,1121.5,6.6,84.4,180.1,0.0,0.0,551.4,0.2,4.6,24.3,16.4,5.8,81.6,2.3,5288.6,5204.7,3.8,9.6,176.02,0.568,-0.4,0.071,0.076,2.46,-0.273,0.619,3.121,6241.999999999999
2026-07-29 21:00:00+00:00,3155.0,1120.7,6.6,84.3,182.9,0.0,0.0,552.3,0.2,4.6,24.9,16.7,5.6,84.4,0.4,5254.6,5169.8,3.8,9.6,179.55,0.502,-0.501,0.115,0.026,2.627,-0.341,0.697,3.125,6250.0
2026-07-29 21:15:00+00:00,3016.7,1122.3,6.6,84.1,182.6,0.0,0.0,548.4,0.2,4.6,23.0,16.2,5.8,88.1,2.0,5169.4,5079.3,4.0,9.8,173.95,0.429,-0.515,0.125,0.026,2.645,-0.391,0.697,3.017,6032.999999999999
2026-07-29 21:30:00+00:00,2942.5,1122.8,6.6,85.3,183.2,0.0,0.0,550.6,0.2,4.6,23.9,15.8,6.1,91.8,2.1,5095.9,5002.0,4.1,10.0,170.38,0.374,-0.534,0.122,0.026,2.68,-0.414,0.697,2.951,5902.0
2026-07-29 21:45:00+00:00,2919.9,1123.1,6.6,85.3,178.1,0.0,0.0,532.9,0.2,4.6,23.7,16.3,5.7,89.2,0.3,4995.2,4905.7,4.1,9.9,146.1,0.438,-0.564,0.039,0.026,2.704,-0.376,0.697,2.964,5928.000000000001
