time,cape,convective_inhibition,freezing_level_height,boundary_layer_height,total_column_integrated_water_vapour,wet_bulb_temperature_2m
2026-08-26 00:00:00+00:00,10.0,0.0,3630.0,265.0,29.8,15.0
2026-08-26 01:00:00+00:00,0.0,0.0,3660.0,220.0,30.3,14.5
2026-08-26 02:00:00+00:00,0.0,0.0,3680.0,180.0,30.6,14.4
2026-08-26 03:00:00+00:00,20.0,0.0,3600.0,185.0,31.5,14.3
2026-08-26 04:00:00+00:00,40.0,0.0,3530.0,195.0,32.2,13.7
2026-08-26 05:00:00+00:00,20.0,0.0,3590.0,255.0,32.7,13.7
2026-08-26 06:00:00+00:00,0.0,0.0,3570.0,360.0,32.4,14.6
2026-08-26 07:00:00+00:00,20.0,0.0,3510.0,495.0,32.7,16.2
2026-08-26 08:00:00+00:00,10.0,0.0,3570.0,585.0,32.4,17.8
2026-08-26 09:00:00+00:00,30.0,0.0,3580.0,860.0,32.1,18.6
2026-08-26 10:00:00+00:00,0.0,0.0,3630.0,1190.0,32.5,19.1
2026-08-26 11:00:00+00:00,10.0,0.0,3620.0,1320.0,31.9,19.3
2026-08-26 12:00:00+00:00,0.0,0.0,3630.0,1645.0,33.4,19.2
2026-08-26 13:00:00+00:00,0.0,0.0,3600.0,1060.0,32.1,19.0
2026-08-26 14:00:00+00:00,0.0,0.0,3600.0,625.0,31.9,18.9
2026-08-26 15:00:00+00:00,0.0,0.0,3640.0,595.0,31.5,18.1
2026-08-26 16:00:00+00:00,0.0,0.0,3690.0,690.0,31.1,17.2
2026-08-26 17:00:00+00:00,0.0,0.0,3600.0,560.0,30.1,16.9
2026-08-26 18:00:00+00:00,0.0,0.0,3570.0,145.0,30.2,16.6
2026-08-26 19:00:00+00:00,0.0,0.0,3560.0,120.0,30.2,16.7
2026-08-26 20:00:00+00:00,0.0,0.0,3590.0,275.0,30.3,16.4
2026-08-26 21:00:00+00:00,0.0,0.0,3620.0,240.0,30.0,16.2
2026-08-26 22:00:00+00:00,0.0,0.0,3640.0,210.0,30.3,15.7
2026-08-26 23:00:00+00:00,0.0,0.0,3580.0,185.0,30.0,15.3
2026-08-27 00:00:00+00:00,0.0,0.0,3500.0,150.0,28.9,14.9
2026-08-27 01:00:00+00:00,0.0,0.0,3490.0,165.0,29.3,14.5
2026-08-27 02:00:00+00:00,0.0,0.0,3520.0,165.0,29.8,14.1
2026-08-27 03:00:00+00:00,0.0,0.0,3610.0,165.0,29.6,13.9
2026-08-27 04:00:00+00:00,0.0,0.0,3560.0,160.0,29.6,13.6
2026-08-27 05:00:00+00:00,10.0,0.0,3540.0,195.0,29.6,13.8
2026-08-27 06:00:00+00:00,10.0,0.0,3510.0,215.0,29.1,14.7
2026-08-27 07:00:00+00:00,0.0,0.0,3530.0,375.0,29.4,16.4
2026-08-27 08:00:00+00:00,0.0,0.0,3530.0,580.0,29.9,17.9
2026-08-27 09:00:00+00:00,0.0,0.0,3560.0,875.0,30.1,18.6
2026-08-27 10:00:00+00:00,0.0,0.0,3550.0,1115.0,30.6,18.9
2026-08-27 11:00:00+00:00,0.0,0.0,3570.0,1455.0,29.8,19.1
2026-08-27 12:00:00+00:00,10.0,0.0,3560.0,1345.0,30.9,19.1
2026-08-27 13:00:00+00:00,10.0,0.0,3660.0,1640.0,28.9,18.4
2026-08-27 14:00:00+00:00,0.0,0.0,3670.0,1775.0,27.7,17.9
2026-08-27 15:00:00+00:00,0.0,0.0,3720.0,1685.0,26.2,17.9
2026-08-27 16:00:00+00:00,0.0,0.0,3740.0,1555.0,25.4,17.5
2026-08-27 17:00:00+00:00,0.0,0.0,3940.0,620.0,24.3,17.1
2026-08-27 18:00:00+00:00,0.0,0.0,3990.0,365.0,22.1,16.2
2026-08-27 19:00:00+00:00,0.0,0.0,4090.0,270.0,21.9,15.8
2026-08-27 20:00:00+00:00,0.0,0.0,4130.0,340.0,21.1,15.8
2026-08-27 21:00:00+00:00,0.0,0.0,4210.0,390.0,20.0,15.5
2026-08-27 22:00:00+00:00,0.0,0.0,4190.0,330.0,18.1,15.1
2026-08-27 23:00:00+00:00,0.0,0.0,4240.0,290.0,16.6,15.0
2026-08-28 00:00:00+00:00,0.0,0.0,4260.0,250.0,16.5,14.8
2026-08-28 01:00:00+00:00,0.0,0.0,4260.0,245.0,15.9,14.4
2026-08-28 02:00:00+00:00,0.0,0.0,4300.0,225.0,14.2,14.2
2026-08-28 03:00:00+00:00,0.0,0.0,4350.0,230.0,12.0,14.0
2026-08-28 04:00:00+00:00,0.0,0.0,4380.0,235.0,11.4,13.3
2026-08-28 05:00:00+00:00,0.0,0.0,4390.0,245.0,11.7,13.4
2026-08-28 06:00:00+00:00,0.0,0.0,4380.0,255.0,12.6,14.2
2026-08-28 07:00:00+00:00,0.0,0.0,4420.0,575.0,12.7,15.4
2026-08-28 08:00:00+00:00,0.0,0.0,4450.0,1120.0,12.4,16.3
2026-08-28 09:00:00+00:00,0.0,0.0,4480.0,1285.0,13.1,16.4
2026-08-28 10:00:00+00:00,0.0,0.0,4520.0,1375.0,13.4,16.3
2026-08-28 11:00:00+00:00,0.0,0.0,4600.0,1400.0,13.8,16.2
2026-08-28 12:00:00+00:00,0.0,0.0,4630.0,1515.0,14.9,15.9
2026-08-28 13:00:00+00:00,0.0,0.0,4640.0,1520.0,14.4,16.0
2026-08-28 14:00:00+00:00,0.0,0.0,4670.0,1515.0,14.6,16.4
2026-08-28 15:00:00+00:00,0.0,0.0,4670.0,1430.0,15.5,16.4
2026-08-28 16:00:00+00:00,0.0,0.0,4730.0,1135.0,17.0,16.4
2026-08-28 17:00:00+00:00,0.0,0.0,4740.0,635.0,19.0,16.1
2026-08-28 18:00:00+00:00,0.0,0.0,4660.0,540.0,19.9,15.4
2026-08-28 19:00:00+00:00,0.0,0.0,4700.0,400.0,20.5,15.4
2026-08-28 20:00:00+00:00,0.0,0.0,4820.0,280.0,27.0,15.1
2026-08-28 21:00:00+00:00,0.0,0.0,4770.0,220.0,29.7,15.0
2026-08-28 22:00:00+00:00,0.0,0.0,4840.0,145.0,32.1,14.6
2026-08-28 23:00:00+00:00,0.0,0.0,4750.0,115.0,34.8,14.2
